filepath,formula,spacegroup_number,spacegroup_symbol,num_atoms,endpoint,gcnn_probability,nequip_probability,gcnn_ferroelectric,nequip_ferroelectric,consensus_ferroelectric,avg_probability
/home/ubuntu/ai_wh/wh-ai/new_data/database/CsMg6SiO8/mp_1257226_mp_1031233_cost_0.1304/1_normalized.vasp,CsMg6SiO8,1,P1,16,1,0.9999949932098389,0.9999982118606567,True,True,True,0.9999966025352478
/home/ubuntu/ai_wh/wh-ai/new_data/database/Mg2Si/mp_1074685_mp_1074665_cost_0.3697/1_normalized.vasp,Mg2Si,1,P1,12,1,0.9999947547912598,0.9999982118606567,True,True,True,0.9999964833259583
/home/ubuntu/ai_wh/wh-ai/new_data/database/TlGeF3/mp_998712_mp_998711_cost_0.2398/1_normalized.vasp,TlGeF3,1,P1,10,1,0.9999948740005493,0.9999979734420776,True,True,True,0.9999964237213135
/home/ubuntu/ai_wh/wh-ai/new_data/database/CeMg5/mp_1039088_mp_1094711_cost_0.2961/1_normalized.vasp,CeMg5,8,Cm,6,1,0.9999945163726807,0.9999982118606567,True,True,True,0.9999963641166687
/home/ubuntu/ai_wh/wh-ai/new_data/database/Rb/mp_1179802_mp_1543931_cost_0.2144/1_normalized.vasp,Rb,1,P1,8,1,0.9999948740005493,0.999997615814209,True,True,True,0.9999962449073792
/home/ubuntu/ai_wh/wh-ai/new_data/database/Rb5NO5/mp_676229_mp_1173446_cost_0.4174/1_normalized.vasp,Rb5NO5,1,P1,11,1,0.9999945163726807,0.9999979734420776,True,True,True,0.9999962449073792
/home/ubuntu/ai_wh/wh-ai/new_data/database/K6InP3/mp_675132_mp_1224505_cost_0.2158/1_normalized.vasp,K6InP3,2,P-1,20,1,0.9999946355819702,0.9999977350234985,True,True,True,0.9999961853027344
/home/ubuntu/ai_wh/wh-ai/new_data/database/Li7SbO6/mp_37436_mp_27453_cost_0.0930/1_normalized.vasp,Li7SbO6,1,P1,14,1,0.999995231628418,0.9999971389770508,True,True,True,0.9999961853027344
/home/ubuntu/ai_wh/wh-ai/new_data/database/KCaBr3/mp_998749_mp_1211648_cost_0.0691/1_normalized.vasp,KCaBr3,8,Cm,20,1,0.999994158744812,0.9999980926513672,True,True,True,0.9999961256980896
/home/ubuntu/ai_wh/wh-ai/new_data/database/Ca2WN2/mp_1118832_mp_1446433_cost_0.1863/1_normalized.vasp,Ca2WN2,2,P-1,10,1,0.9999945163726807,0.999997615814209,True,True,True,0.9999960660934448
/home/ubuntu/ai_wh/wh-ai/new_data/database/Rb4SnO3/mp_2748904_mp_756570_cost_0.0194/1_normalized.vasp,Rb4SnO3,9,Cc,16,1,0.9999949932098389,0.9999971389770508,True,True,True,0.9999960660934448
/home/ubuntu/ai_wh/wh-ai/new_data/database/K5As4/mp_684799_mp_1223503_cost_0.2502/1_normalized.vasp,K5As4,2,P-1,9,1,0.9999948740005493,0.9999971389770508,True,True,True,0.9999960064888
/home/ubuntu/ai_wh/wh-ai/new_data/database/K2PuCl6/mp_2760749_mp_505397_cost_0.0301/1_normalized.vasp,K2PuCl6,2,P-1,9,1,0.9999951124191284,0.9999969005584717,True,True,True,0.9999960064888
/home/ubuntu/ai_wh/wh-ai/new_data/database/In2CuTe3Br/mp_1403285_mp_1224103_cost_0.3108/1_normalized.vasp,In2CuTe3Br,1,P1,7,1,0.9999939203262329,0.9999980926513672,True,True,True,0.9999960064888
/home/ubuntu/ai_wh/wh-ai/new_data/database/Sr2Mg(TiS3)2/mp_2222905_mp_2239921_cost_0.0373/1_normalized.vasp,Sr2Mg(TiS3)2,1,P1,11,1,0.9999947547912598,0.9999971389770508,True,True,True,0.9999959468841553
/home/ubuntu/ai_wh/wh-ai/new_data/database/Ca5Mg/mp_1039086_mp_1094702_cost_0.2844/1_normalized.vasp,Ca5Mg,8,Cm,6,1,0.9999943971633911,0.9999974966049194,True,True,True,0.9999959468841553
/home/ubuntu/ai_wh/wh-ai/new_data/database/Li7VO5F/mp_799536_mp_759471_cost_0.3821/1_normalized.vasp,Li7VO5F,1,P1,14,1,0.9999938011169434,0.9999980926513672,True,True,True,0.9999959468841553
/home/ubuntu/ai_wh/wh-ai/new_data/database/Li4SiO4/mp_11737_mp_35822_cost_0.3382/1_normalized.vasp,Li4SiO4,2,P-1,18,1,0.9999943971633911,0.9999974966049194,True,True,True,0.9999959468841553
/home/ubuntu/ai_wh/wh-ai/new_data/database/Rb4CO4/mp_551267_mp_552966_cost_0.1875/1_normalized.vasp,Rb4CO4,8,Cm,9,1,0.9999943971633911,0.9999973773956299,True,True,True,0.9999958872795105
/home/ubuntu/ai_wh/wh-ai/new_data/database/K6Mg(BiO4)2/mp_2229455_mp_2229657_cost_0.2090/1_normalized.vasp,K6Mg(BiO4)2,1,P1,17,1,0.9999948740005493,0.9999967813491821,True,True,True,0.9999958276748657
/home/ubuntu/ai_wh/wh-ai/new_data/database/K3ClO/mp_1223812_mp_572291_cost_0.0341/1_normalized.vasp,K3ClO,6,Pm,20,1,0.9999951124191284,0.9999964237213135,True,True,True,0.999995768070221
/home/ubuntu/ai_wh/wh-ai/new_data/database/K4MgV2O7/mp_2241486_mp_2227554_cost_0.3261/1_normalized.vasp,K4MgV2O7,1,P1,14,1,0.9999942779541016,0.9999972581863403,True,True,True,0.999995768070221
/home/ubuntu/ai_wh/wh-ai/new_data/database/Mg5Pb/mp_1185831_mp_1185825_cost_0.0683/1_normalized.vasp,Mg5Pb,8,Cm,6,1,0.9999936819076538,0.9999977350234985,True,True,True,0.9999957084655762
/home/ubuntu/ai_wh/wh-ai/new_data/database/CsMg6C/mp_1016556_mp_1098071_cost_0.3383/1_normalized.vasp,CsMg6C,5,C2,8,1,0.9999938011169434,0.9999974966049194,True,True,True,0.9999956488609314
/home/ubuntu/ai_wh/wh-ai/new_data/database/CaTlF3/mp_1097061_mp_998615_cost_0.0157/1_normalized.vasp,CaTlF3,8,Cm,10,1,0.9999951124191284,0.9999961853027344,True,True,True,0.9999956488609314
/home/ubuntu/ai_wh/wh-ai/new_data/database/KCN/mp_1180837_mp_35035_cost_0.1598/1_normalized.vasp,KCN,8,Cm,3,1,0.9999938011169434,0.9999974966049194,True,True,True,0.9999956488609314
/home/ubuntu/ai_wh/wh-ai/new_data/database/CsSnF3/mp_998298_mp_2758979_cost_0.3927/1_normalized.vasp,CsSnF3,1,P1,20,1,0.9999948740005493,0.9999963045120239,True,True,True,0.9999955892562866
/home/ubuntu/ai_wh/wh-ai/new_data/database/Mg(BiO2)2/mp_2224248_mp_2224741_cost_0.2296/1_normalized.vasp,Mg(BiO2)2,8,Cm,7,1,0.9999945163726807,0.999996542930603,True,True,True,0.9999955296516418
/home/ubuntu/ai_wh/wh-ai/new_data/database/Rb2SeO4/mp_1173599_mp_677526_cost_0.3545/1_normalized.vasp,Rb2SeO4,9,Cc,14,1,0.999993085861206,0.9999979734420776,True,True,True,0.9999955296516418
/home/ubuntu/ai_wh/wh-ai/new_data/database/Li7BiO6/mp_38487_mp_754060_cost_0.0950/1_normalized.vasp,Li7BiO6,1,P1,14,1,0.9999943971633911,0.9999966621398926,True,True,True,0.9999955296516418
/home/ubuntu/ai_wh/wh-ai/new_data/database/TaAsO4/mp_754840_mp_756401_cost_0.3364/1_normalized.vasp,TaAsO4,7,Pc,12,1,0.9999932050704956,0.9999978542327881,True,True,True,0.9999955296516418
/home/ubuntu/ai_wh/wh-ai/new_data/database/K6MgV2(SO3)2/mp_2229077_mp_2229430_cost_0.2888/1_normalized.vasp,K6MgV2(SO3)2,6,Pm,17,1,0.9999938011169434,0.9999971389770508,True,True,True,0.9999954700469971
/home/ubuntu/ai_wh/wh-ai/new_data/database/RbTlBr3/mp_998391_mp_998606_cost_0.0279/1_normalized.vasp,RbTlBr3,8,Cm,10,1,0.9999948740005493,0.9999960660934448,True,True,True,0.9999954700469971
/home/ubuntu/ai_wh/wh-ai/new_data/database/Sr2Mg/mp_1094296_mp_1094285_cost_0.4813/1_normalized.vasp,Sr2Mg,8,Cm,6,1,0.9999939203262329,0.9999970197677612,True,True,True,0.9999954700469971
/home/ubuntu/ai_wh/wh-ai/new_data/database/V3H5O8/mp_626080_mp_626121_cost_0.1115/1_normalized.vasp,V3H5O8,8,Cm,16,1,0.9999929666519165,0.9999977350234985,True,True,True,0.9999953508377075
/home/ubuntu/ai_wh/wh-ai/new_data/database/Rb4MgV2(AgS4)2/mp_2229414_mp_2224758_cost_0.4247/1_normalized.vasp,Rb4MgV2(AgS4)2,1,P1,17,1,0.9999927282333374,0.9999979734420776,True,True,True,0.9999953508377075
/home/ubuntu/ai_wh/wh-ai/new_data/database/K5Sb4/mp_685149_mp_1223714_cost_0.2849/1_normalized.vasp,K5Sb4,2,P-1,9,1,0.9999949932098389,0.9999955892562866,True,True,True,0.9999952912330627
/home/ubuntu/ai_wh/wh-ai/new_data/database/MgTi2(GeO3)2/mp_2217298_mp_2217958_cost_0.1691/1_normalized.vasp,MgTi2(GeO3)2,1,P1,11,1,0.999992847442627,0.999997615814209,True,True,True,0.999995231628418
/home/ubuntu/ai_wh/wh-ai/new_data/database/MgTi2Tl2W2(O5F)2/mp_2230484_mp_2230838_cost_0.3912/1_normalized.vasp,MgTi2Tl2W2(O5F)2,8,Cm,19,1,0.9999932050704956,0.9999972581863403,True,True,True,0.999995231628418
/home/ubuntu/ai_wh/wh-ai/new_data/database/Rb4N2O7/mp_676368_mp_1173344_cost_0.0602/1_normalized.vasp,Rb4N2O7,1,P1,13,1,0.9999923706054688,0.9999979734420776,True,True,True,0.9999951720237732
/home/ubuntu/ai_wh/wh-ai/new_data/database/Hf5N5O2/mp_761034_mp_761032_cost_0.3985/1_normalized.vasp,Hf5N5O2,8,Cm,12,1,0.999991774559021,0.9999984502792358,True,True,True,0.9999951124191284
/home/ubuntu/ai_wh/wh-ai/new_data/database/RbSb3S5O/mp_1105975_mp_1179756_cost_0.2328/1_normalized.vasp,RbSb3S5O,2,P-1,20,1,0.9999929666519165,0.9999972581863403,True,True,True,0.9999951124191284
/home/ubuntu/ai_wh/wh-ai/new_data/database/Cs4Li(Pb2O3)2/mp_1235527_mp_1236465_cost_0.2814/1_normalized.vasp,Cs4Li(Pb2O3)2,5,C2,15,1,0.9999936819076538,0.9999964237213135,True,True,True,0.9999950528144836
/home/ubuntu/ai_wh/wh-ai/new_data/database/MgTi3(SnO4)3/mp_2230911_mp_2228405_cost_0.2896/1_normalized.vasp,MgTi3(SnO4)3,1,P1,19,1,0.9999932050704956,0.9999969005584717,True,True,True,0.9999950528144836
/home/ubuntu/ai_wh/wh-ai/new_data/database/Mg(TiS2)2/mp_2225410_mp_2225368_cost_0.4360/1_normalized.vasp,Mg(TiS2)2,8,Cm,7,1,0.9999932050704956,0.9999969005584717,True,True,True,0.9999950528144836
/home/ubuntu/ai_wh/wh-ai/new_data/database/Rb3MgNbO8/mp_2218974_mp_2219743_cost_0.1791/1_normalized.vasp,Rb3MgNbO8,5,C2,13,1,0.9999922513961792,0.9999977350234985,True,True,True,0.9999949932098389
/home/ubuntu/ai_wh/wh-ai/new_data/database/K4TiO4/mp_756510_mp_754377_cost_0.3104/1_normalized.vasp,K4TiO4,2,P-1,18,1,0.9999935626983643,0.9999964237213135,True,True,True,0.9999949932098389
/home/ubuntu/ai_wh/wh-ai/new_data/database/CsLiMg6O7/mp_1099243_mp_1031048_cost_0.3234/1_normalized.vasp,CsLiMg6O7,99,P4mm,15,1,0.9999924898147583,0.9999973773956299,True,True,True,0.9999949336051941
/home/ubuntu/ai_wh/wh-ai/new_data/database/Rb2Li(SbO2)2/mp_1235508_mp_1235800_cost_0.2929/1_normalized.vasp,Rb2Li(SbO2)2,1,P1,9,1,0.999991774559021,0.9999980926513672,True,True,True,0.9999949336051941
/home/ubuntu/ai_wh/wh-ai/new_data/database/KHO/mp_626785_mp_642817_cost_0.0424/1_normalized.vasp,KHO,36,Cmc2_1,12,1,0.9999942779541016,0.9999954700469971,True,True,True,0.9999948740005493
/home/ubuntu/ai_wh/wh-ai/new_data/database/MgSi2/mp_1073358_mp_1073532_cost_0.4240/1_normalized.vasp,MgSi2,1,P1,12,1,0.9999929666519165,0.9999966621398926,True,True,True,0.9999948143959045
/home/ubuntu/ai_wh/wh-ai/new_data/database/K6Mg(SbS4)2/mp_2229123_mp_2229253_cost_0.2321/1_normalized.vasp,K6Mg(SbS4)2,8,Cm,17,1,0.9999933242797852,0.9999963045120239,True,True,True,0.9999948143959045
/home/ubuntu/ai_wh/wh-ai/new_data/database/Rb2Na2MgTi2O6/mp_2219917_mp_2218753_cost_0.1245/1_normalized.vasp,Rb2Na2MgTi2O6,1,P1,13,1,0.9999940395355225,0.9999955892562866,True,True,True,0.9999948143959045
/home/ubuntu/ai_wh/wh-ai/new_data/database/Li2PWO4F/mp_1173010_mp_25399_cost_0.1996/1_normalized.vasp,Li2PWO4F,1,P1,18,1,0.9999936819076538,0.9999959468841553,True,True,True,0.9999948143959045
/home/ubuntu/ai_wh/wh-ai/new_data/database/Cs2Hg3I8O/mp_2911950_mp_1104408_cost_0.0366/1_normalized.vasp,Cs2Hg3I8O,8,Cm,14,1,0.9999922513961792,0.9999973773956299,True,True,True,0.9999948143959045
/home/ubuntu/ai_wh/wh-ai/new_data/database/CaPbI4/mp_754540_mp_753670_cost_0.2439/1_normalized.vasp,CaPbI4,10,P2/m,6,1,0.999991774559021,0.9999978542327881,True,True,True,0.9999948143959045
/home/ubuntu/ai_wh/wh-ai/new_data/database/Rb2U(BrO)4/mp_1237078_mp_1102786_cost_0.0142/1_normalized.vasp,Rb2U(BrO)4,2,P-1,11,1,0.9999915361404419,0.9999980926513672,True,True,True,0.9999948143959045
/home/ubuntu/ai_wh/wh-ai/new_data/database/KPbN/mp_1245569_mp_1246354_cost_0.3995/1_normalized.vasp,KPbN,8,Cm,12,1,0.9999945163726807,0.9999949932098389,True,True,True,0.9999947547912598
/home/ubuntu/ai_wh/wh-ai/new_data/database/Ga2S3/mp_32616_mp_539_cost_0.0913/1_normalized.vasp,Ga2S3,9,Cc,10,1,0.9999926090240479,0.9999969005584717,True,True,True,0.9999947547912598
/home/ubuntu/ai_wh/wh-ai/new_data/database/Ca2SiO4/mp_1227559_mp_1019563_cost_0.1373/1_normalized.vasp,Ca2SiO4,5,C2,14,1,0.999992847442627,0.9999966621398926,True,True,True,0.9999947547912598
/home/ubuntu/ai_wh/wh-ai/new_data/database/CsSrBr3/mp_998297_mp_998433_cost_0.2245/1_normalized.vasp,CsSrBr3,8,Cm,10,1,0.9999914169311523,0.9999980926513672,True,True,True,0.9999947547912598
/home/ubuntu/ai_wh/wh-ai/new_data/database/Li4TeO5/mp_661707_mp_4804_cost_0.0732/1_normalized.vasp,Li4TeO5,2,P-1,20,1,0.999991774559021,0.9999977350234985,True,True,True,0.9999947547912598
/home/ubuntu/ai_wh/wh-ai/new_data/database/Li6NCl3/mp_34038_mp_686744_cost_0.1855/1_normalized.vasp,Li6NCl3,8,Cm,10,1,0.9999946355819702,0.9999946355819702,True,True,True,0.9999946355819702
/home/ubuntu/ai_wh/wh-ai/new_data/database/KSe3/mp_1080121_mp_2015391_cost_0.2110/1_normalized.vasp,KSe3,5,C2,8,1,0.9999922513961792,0.9999970197677612,True,True,True,0.9999946355819702
/home/ubuntu/ai_wh/wh-ai/new_data/database/RbLiMg6O7/mp_1031026_mp_1031091_cost_0.3034/1_normalized.vasp,RbLiMg6O7,99,P4mm,15,1,0.9999914169311523,0.9999978542327881,True,True,True,0.9999946355819702
/home/ubuntu/ai_wh/wh-ai/new_data/database/CsNaMg6O7/mp_1098107_mp_1031596_cost_0.2136/1_normalized.vasp,CsNaMg6O7,99,P4mm,15,1,0.9999924898147583,0.9999967813491821,True,True,True,0.9999946355819702
/home/ubuntu/ai_wh/wh-ai/new_data/database/CsSeBr3/mp_998415_mp_998413_cost_0.3123/1_normalized.vasp,CsSeBr3,6,Pm,10,1,0.9999922513961792,0.9999967813491821,True,True,True,0.9999945163726807
/home/ubuntu/ai_wh/wh-ai/new_data/database/Nb(SBr)2/mp_1079487_mp_1079264_cost_0.2155/1_normalized.vasp,Nb(SBr)2,2,P-1,10,1,0.9999911785125732,0.9999977350234985,True,True,True,0.9999944567680359
/home/ubuntu/ai_wh/wh-ai/new_data/database/RbSnBr3/mp_998157_mp_998778_cost_0.4453/1_normalized.vasp,RbSnBr3,1,P1,20,1,0.999992847442627,0.9999959468841553,True,True,True,0.9999943971633911
/home/ubuntu/ai_wh/wh-ai/new_data/database/K4MgTi2O6/mp_2218877_mp_2220078_cost_0.0871/1_normalized.vasp,K4MgTi2O6,8,Cm,13,1,0.9999921321868896,0.9999966621398926,True,True,True,0.9999943971633911
/home/ubuntu/ai_wh/wh-ai/new_data/database/Rb2LiPu(Cl2O)2/mp_1235316_mp_1235035_cost_0.4592/1_normalized.vasp,Rb2LiPu(Cl2O)2,1,P1,10,1,0.9999924898147583,0.9999963045120239,True,True,True,0.9999943971633911
/home/ubuntu/ai_wh/wh-ai/new_data/database/LiVWO6/mp_1222435_mp_754143_cost_0.2867/1_normalized.vasp,LiVWO6,8,Cm,18,1,0.999991774559021,0.9999970197677612,True,True,True,0.9999943971633911
/home/ubuntu/ai_wh/wh-ai/new_data/database/Rb4MgNb2(CuS4)2/mp_2229309_mp_2229574_cost_0.0118/1_normalized.vasp,Rb4MgNb2(CuS4)2,1,P1,17,1,0.9999908208847046,0.9999978542327881,True,True,True,0.9999943375587463
/home/ubuntu/ai_wh/wh-ai/new_data/database/CsLiAcO3/mp_1235446_mp_1236215_cost_0.1290/1_normalized.vasp,CsLiAcO3,160,R3m,6,1,0.9999932050704956,0.9999953508377075,True,True,True,0.9999942779541016
/home/ubuntu/ai_wh/wh-ai/new_data/database/KSO4/mp_545746_mp_7622_cost_0.0739/1_normalized.vasp,KSO4,2,P-1,12,1,0.9999933242797852,0.9999951124191284,True,True,True,0.9999942183494568
/home/ubuntu/ai_wh/wh-ai/new_data/database/CsMgBiO3/mp_2240078_mp_2222886_cost_0.1866/1_normalized.vasp,CsMgBiO3,160,R3m,6,1,0.999993085861206,0.999995231628418,True,True,True,0.999994158744812
/home/ubuntu/ai_wh/wh-ai/new_data/database/Cs4CO4/mp_645330_mp_561834_cost_0.0458/1_normalized.vasp,Cs4CO4,5,C2,9,1,0.9999946355819702,0.9999935626983643,True,True,True,0.9999940991401672
/home/ubuntu/ai_wh/wh-ai/new_data/database/Cd2SiO4/mp_660318_mp_560842_cost_0.2512/1_normalized.vasp,Cd2SiO4,9,Cc,14,1,0.9999929666519165,0.999995231628418,True,True,True,0.9999940991401672
/home/ubuntu/ai_wh/wh-ai/new_data/database/Rb4MgV2(CuS4)2/mp_2228990_mp_2229431_cost_0.0102/1_normalized.vasp,Rb4MgV2(CuS4)2,1,P1,17,1,0.9999902248382568,0.9999979734420776,True,True,True,0.9999940991401672
/home/ubuntu/ai_wh/wh-ai/new_data/database/RbNaMg6O7/mp_1030980_mp_1030758_cost_0.2409/1_normalized.vasp,RbNaMg6O7,99,P4mm,15,1,0.9999915361404419,0.9999966621398926,True,True,True,0.9999940991401672
/home/ubuntu/ai_wh/wh-ai/new_data/database/Cs2Li(IO3)2/mp_1236534_mp_1235039_cost_0.3852/1_normalized.vasp,Cs2Li(IO3)2,1,P1,11,1,0.9999912977218628,0.9999969005584717,True,True,True,0.9999940991401672
/home/ubuntu/ai_wh/wh-ai/new_data/database/U(NO5)2/mp_732190_mp_1104949_cost_0.0933/1_normalized.vasp,U(NO5)2,8,Cm,13,1,0.9999901056289673,0.9999980926513672,True,True,True,0.9999940991401672
/home/ubuntu/ai_wh/wh-ai/new_data/database/RbPbF3/mp_605350_mp_1179717_cost_0.0885/1_normalized.vasp,RbPbF3,2,P-1,20,1,0.9999940395355225,0.9999940395355225,True,True,True,0.9999940395355225
/home/ubuntu/ai_wh/wh-ai/new_data/database/HBr/mp_730522_mp_32684_cost_0.2350/1_normalized.vasp,HBr,8,Cm,8,1,0.9999936819076538,0.9999942779541016,True,True,True,0.9999939799308777
/home/ubuntu/ai_wh/wh-ai/new_data/database/RbMgNbO3/mp_2227220_mp_2225837_cost_0.2261/1_normalized.vasp,RbMgNbO3,160,R3m,6,1,0.9999929666519165,0.9999948740005493,True,True,True,0.9999939203262329
/home/ubuntu/ai_wh/wh-ai/new_data/database/Mg5Si6/mp_1100709_mp_31404_cost_0.2381/1_normalized.vasp,Mg5Si6,2,P-1,11,1,0.9999918937683105,0.9999958276748657,True,True,True,0.9999938607215881
/home/ubuntu/ai_wh/wh-ai/new_data/database/GaCl3/mp_659211_mp_571266_cost_0.3027/1_normalized.vasp,GaCl3,2,P-1,8,1,0.999994158744812,0.9999935626983643,True,True,True,0.9999938607215881
/home/ubuntu/ai_wh/wh-ai/new_data/database/Mg(NbS3)4/mp_2229008_mp_2229530_cost_0.0290/1_normalized.vasp,Mg(NbS3)4,1,P1,17,1,0.9999904632568359,0.9999971389770508,True,True,True,0.9999938011169434
/home/ubuntu/ai_wh/wh-ai/new_data/database/MgTi2(PS3)4/mp_2230807_mp_2231068_cost_0.3489/1_normalized.vasp,MgTi2(PS3)4,5,C2,19,1,0.9999891519546509,0.9999982118606567,True,True,True,0.9999936819076538
/home/ubuntu/ai_wh/wh-ai/new_data/database/Li4WO5/mp_1413517_mp_555377_cost_0.4068/1_normalized.vasp,Li4WO5,2,P-1,20,1,0.9999911785125732,0.9999961853027344,True,True,True,0.9999936819076538
/home/ubuntu/ai_wh/wh-ai/new_data/database/CsSr2MgNb3O10/mp_2229536_mp_2228917_cost_0.0699/1_normalized.vasp,CsSr2MgNb3O10,25,Pmm2,17,1,0.9999939203262329,0.9999934434890747,True,True,True,0.9999936819076538
/home/ubuntu/ai_wh/wh-ai/new_data/database/KMgSb(PO4)2/mp_2218922_mp_2228147_cost_0.1921/1_normalized.vasp,KMgSb(PO4)2,146,R3,13,1,0.9999898672103882,0.9999974966049194,True,True,True,0.9999936819076538
/home/ubuntu/ai_wh/wh-ai/new_data/database/K4NaCl5/mp_1223869_mp_1223813_cost_0.4496/1_normalized.vasp,K4NaCl5,12,C2/m,10,1,0.999991774559021,0.9999954700469971,True,True,True,0.999993622303009
/home/ubuntu/ai_wh/wh-ai/new_data/database/Mg5Hg/mp_1185810_mp_1185814_cost_0.2800/1_normalized.vasp,Mg5Hg,8,Cm,6,1,0.9999921321868896,0.9999951124191284,True,True,True,0.999993622303009
/home/ubuntu/ai_wh/wh-ai/new_data/database/LiNb(TeO4)3/mp_754519_mp_758389_cost_0.4034/1_normalized.vasp,LiNb(TeO4)3,1,P1,17,1,0.9999904632568359,0.9999966621398926,True,True,True,0.9999935626983643
/home/ubuntu/ai_wh/wh-ai/new_data/database/Zn(SnO2)4/mp_1047985_mp_1046264_cost_0.4422/1_normalized.vasp,Zn(SnO2)4,8,Cm,13,1,0.9999934434890747,0.9999936819076538,True,True,True,0.9999935626983643
/home/ubuntu/ai_wh/wh-ai/new_data/database/Na2MgNb2O6/mp_2217742_mp_2217813_cost_0.4540/1_normalized.vasp,Na2MgNb2O6,1,P1,11,1,0.9999955892562866,0.9999914169311523,True,True,True,0.9999935030937195
/home/ubuntu/ai_wh/wh-ai/new_data/database/Pb3SO6/mp_559143_mp_22577_cost_0.1452/1_normalized.vasp,Pb3SO6,2,P-1,20,1,0.9999899864196777,0.9999969005584717,True,True,True,0.9999934434890747
/home/ubuntu/ai_wh/wh-ai/new_data/database/IO3/mp_23315_mp_1181185_cost_0.3324/1_normalized.vasp,IO3,2,P-1,16,1,0.9999886751174927,0.9999980926513672,True,True,True,0.9999933838844299
/home/ubuntu/ai_wh/wh-ai/new_data/database/Li2TiO3/mp_760017_mp_1407905_cost_0.4025/1_normalized.vasp,Li2TiO3,2,P-1,18,1,0.9999903440475464,0.9999964237213135,True,True,True,0.9999933838844299
/home/ubuntu/ai_wh/wh-ai/new_data/database/K4Mg(MoO4)2/mp_2232548_mp_2232235_cost_0.4328/1_normalized.vasp,K4Mg(MoO4)2,8,Cm,15,1,0.9999898672103882,0.9999969005584717,True,True,True,0.9999933838844299
/home/ubuntu/ai_wh/wh-ai/new_data/database/YReN3/mp_998367_mp_989628_cost_0.3139/1_normalized.vasp,YReN3,1,P1,20,1,0.9999881982803345,0.9999984502792358,True,True,True,0.9999933242797852
/home/ubuntu/ai_wh/wh-ai/new_data/database/K4CO4/mp_550895_mp_551736_cost_0.1366/1_normalized.vasp,K4CO4,8,Cm,9,1,0.9999942779541016,0.9999923706054688,True,True,True,0.9999933242797852
/home/ubuntu/ai_wh/wh-ai/new_data/database/Mg2ClO3/mp_1210988_mp_1237360_cost_0.1792/1_normalized.vasp,Mg2ClO3,2,P-1,12,1,0.9999885559082031,0.9999979734420776,True,True,True,0.9999932646751404
/home/ubuntu/ai_wh/wh-ai/new_data/database/Ti2CdO6/mp_1101127_mp_676240_cost_0.3879/1_normalized.vasp,Ti2CdO6,1,P1,18,1,0.9999912977218628,0.999995231628418,True,True,True,0.9999932646751404
/home/ubuntu/ai_wh/wh-ai/new_data/database/Na6MgV2O8/mp_2229148_mp_2229081_cost_0.4857/1_normalized.vasp,Na6MgV2O8,1,P1,17,1,0.9999946355819702,0.9999916553497314,True,True,True,0.9999931454658508
/home/ubuntu/ai_wh/wh-ai/new_data/database/Mg(CuS)6/mp_2219134_mp_2227432_cost_0.3269/1_normalized.vasp,Mg(CuS)6,1,P1,13,1,0.999988317489624,0.9999979734420776,True,True,True,0.9999931454658508
/home/ubuntu/ai_wh/wh-ai/new_data/database/Li5B4/mp_632822_mp_27658_cost_0.2796/1_normalized.vasp,Li5B4,8,Cm,9,1,0.9999914169311523,0.9999948740005493,True,True,True,0.9999931454658508
/home/ubuntu/ai_wh/wh-ai/new_data/database/GeTe/mp_1181264_mp_938_cost_0.2494/1_normalized.vasp,GeTe,8,Cm,2,1,0.9999939203262329,0.9999923706054688,True,True,True,0.9999931454658508
/home/ubuntu/ai_wh/wh-ai/new_data/database/KO3/mp_998913_mp_1726_cost_0.2147/1_normalized.vasp,KO3,44,Imm2,16,1,0.9999904632568359,0.9999958276748657,True,True,True,0.9999931454658508
/home/ubuntu/ai_wh/wh-ai/new_data/database/KCNO/mp_1223461_mp_1223463_cost_0.2107/1_normalized.vasp,KCNO,69,Fmmm,8,1,0.9999901056289673,0.9999960660934448,True,True,True,0.999993085861206
/home/ubuntu/ai_wh/wh-ai/new_data/database/MgTiNbS4/mp_2240038_mp_2222902_cost_0.1932/1_normalized.vasp,MgTiNbS4,8,Cm,7,1,0.99998939037323,0.9999967813491821,True,True,True,0.999993085861206
/home/ubuntu/ai_wh/wh-ai/new_data/database/Zr3Ti(PbO3)4/mp_1215966_mp_1335741_cost_0.4335/1_normalized.vasp,Zr3Ti(PbO3)4,1,P1,20,1,0.9999877214431763,0.9999980926513672,True,True,True,0.9999929070472717
/home/ubuntu/ai_wh/wh-ai/new_data/database/Ca(SiO2)6/mp_1234432_mp_1233067_cost_0.4256/1_normalized.vasp,Ca(SiO2)6,2,P-1,19,1,0.9999935626983643,0.999991774559021,True,True,True,0.9999926686286926
/home/ubuntu/ai_wh/wh-ai/new_data/database/NaNO3/mp_1173585_mp_4531_cost_0.0234/1_normalized.vasp,NaNO3,1,P1,20,1,0.9999877214431763,0.999997615814209,True,True,True,0.9999926686286926
/home/ubuntu/ai_wh/wh-ai/new_data/database/Mg2BiWO6/mp_1047182_mp_1343439_cost_0.2441/1_normalized.vasp,Mg2BiWO6,1,P1,20,1,0.999987006187439,0.9999983310699463,True,True,True,0.9999926686286926
/home/ubuntu/ai_wh/wh-ai/new_data/database/BrO4/mp_1182293_mp_1182418_cost_0.3623/1_normalized.vasp,BrO4,4,P2_1,20,1,0.9999881982803345,0.9999970197677612,True,True,True,0.9999926090240479
/home/ubuntu/ai_wh/wh-ai/new_data/database/Cd(HO)2/mp_2051619_mp_28508_cost_0.3071/1_normalized.vasp,Cd(HO)2,8,Cm,10,1,0.9999922513961792,0.9999929666519165,True,True,True,0.9999926090240479
/home/ubuntu/ai_wh/wh-ai/new_data/database/Na3AlSiTe4/mp_1221314_mp_1237086_cost_0.2950/1_normalized.vasp,Na3AlSiTe4,1,P1,9,1,0.9999942779541016,0.9999909400939941,True,True,True,0.9999926090240479
/home/ubuntu/ai_wh/wh-ai/new_data/database/CsMg14C/mp_1026663_mp_1026565_cost_0.4812/1_normalized.vasp,CsMg14C,38,Amm2,16,1,0.9999915361404419,0.9999936819076538,True,True,True,0.9999926090240479
/home/ubuntu/ai_wh/wh-ai/new_data/database/Sn4SF6/mp_1023371_mp_1021490_cost_0.2170/1_normalized.vasp,Sn4SF6,1,P1,11,1,0.9999929666519165,0.9999921321868896,True,True,True,0.9999925494194031
/home/ubuntu/ai_wh/wh-ai/new_data/database/Na8MgV2O8/mp_2231854_mp_2231409_cost_0.4894/1_normalized.vasp,Na8MgV2O8,1,P1,19,1,0.9999953508377075,0.9999895095825195,True,True,True,0.9999924302101135
/home/ubuntu/ai_wh/wh-ai/new_data/database/ZrCl3/mp_1100795_mp_569391_cost_0.1055/1_normalized.vasp,ZrCl3,2,P-1,8,1,0.9999901056289673,0.9999947547912598,True,True,True,0.9999924302101135
/home/ubuntu/ai_wh/wh-ai/new_data/database/Na4Mg(MoO4)2/mp_2228694_mp_2228651_cost_0.0421/1_normalized.vasp,Na4Mg(MoO4)2,5,C2,15,1,0.9999946355819702,0.9999902248382568,True,True,True,0.9999924302101135
/home/ubuntu/ai_wh/wh-ai/new_data/database/Na6MgV2(S3O)2/mp_2229396_mp_2229306_cost_0.4325/1_normalized.vasp,Na6MgV2(S3O)2,1,P1,17,1,0.9999905824661255,0.999994158744812,True,True,True,0.9999923706054688
/home/ubuntu/ai_wh/wh-ai/new_data/database/Cs3(SeO4)2/mp_1229156_mp_1214772_cost_0.0188/1_normalized.vasp,Cs3(SeO4)2,5,C2,13,1,0.99998939037323,0.9999951124191284,True,True,True,0.9999922513961792
/home/ubuntu/ai_wh/wh-ai/new_data/database/KNaMg6O7/mp_1031292_mp_1031453_cost_0.2072/1_normalized.vasp,KNaMg6O7,99,P4mm,15,1,0.9999876022338867,0.9999967813491821,True,True,True,0.9999921917915344
/home/ubuntu/ai_wh/wh-ai/new_data/database/Zr2Ti(PbO3)3/mp_1215944_mp_1215873_cost_0.3986/1_normalized.vasp,Zr2Ti(PbO3)3,8,Cm,15,1,0.9999856948852539,0.9999982118606567,True,True,True,0.9999919533729553
/home/ubuntu/ai_wh/wh-ai/new_data/database/KPO3/mp_675976_mp_1223439_cost_0.2128/1_normalized.vasp,KPO3,2,P-1,10,1,0.9999892711639404,0.9999946355819702,True,True,True,0.9999919533729553
/home/ubuntu/ai_wh/wh-ai/new_data/database/KMgBiO3/mp_2210620_mp_2225418_cost_0.1939/1_normalized.vasp,KMgBiO3,160,R3m,6,1,0.9999932050704956,0.999990701675415,True,True,True,0.9999919533729553
/home/ubuntu/ai_wh/wh-ai/new_data/database/Mg3MoN4/mp_1245496_mp_1245510_cost_0.2885/1_normalized.vasp,Mg3MoN4,2,P-1,16,1,0.9999860525131226,0.9999977350234985,True,True,True,0.9999918937683105
/home/ubuntu/ai_wh/wh-ai/new_data/database/K2SO3/mp_677413_mp_8483_cost_0.4899/1_normalized.vasp,K2SO3,9,Cc,12,1,0.9999895095825195,0.9999936819076538,True,True,True,0.9999915957450867
/home/ubuntu/ai_wh/wh-ai/new_data/database/LiAsSe2/mp_1078724_mp_1079276_cost_0.1986/1_normalized.vasp,LiAsSe2,9,Cc,8,1,0.9999862909317017,0.9999969005584717,True,True,True,0.9999915957450867
/home/ubuntu/ai_wh/wh-ai/new_data/database/In6ReO12/mp_991201_mp_13192_cost_0.0263/1_normalized.vasp,In6ReO12,2,P-1,19,1,0.9999872446060181,0.9999959468841553,True,True,True,0.9999915957450867
/home/ubuntu/ai_wh/wh-ai/new_data/database/AlIn3(CuSe2)4/mp_1229179_mp_1345578_cost_0.3753/1_normalized.vasp,AlIn3(CuSe2)4,1,P1,16,1,0.9999855756759644,0.9999974966049194,True,True,True,0.9999915361404419
/home/ubuntu/ai_wh/wh-ai/new_data/database/MgTi6AgS12/mp_2230622_mp_2231955_cost_0.0928/1_normalized.vasp,MgTi6AgS12,5,C2,20,1,0.9999879598617554,0.9999949932098389,True,True,True,0.9999914765357971
/home/ubuntu/ai_wh/wh-ai/new_data/database/Li4MoO5/mp_1415265_mp_19117_cost_0.0741/1_normalized.vasp,Li4MoO5,2,P-1,20,1,0.9999871253967285,0.9999958276748657,True,True,True,0.9999914765357971
/home/ubuntu/ai_wh/wh-ai/new_data/database/Mg4Si3/mp_1074386_mp_1074333_cost_0.2890/1_normalized.vasp,Mg4Si3,1,P1,14,1,0.9999847412109375,0.9999979734420776,True,True,True,0.9999913573265076
/home/ubuntu/ai_wh/wh-ai/new_data/database/ZrTi(PbO3)2/mp_1079416_mp_1215294_cost_0.0166/1_normalized.vasp,ZrTi(PbO3)2,99,P4mm,10,1,0.9999889135360718,0.9999938011169434,True,True,True,0.9999913573265076
/home/ubuntu/ai_wh/wh-ai/new_data/database/LiH2N/mp_1087524_mp_1079418_cost_0.4718/1_normalized.vasp,LiH2N,9,Cc,8,1,0.999984622001648,0.9999980926513672,True,True,True,0.9999913573265076
/home/ubuntu/ai_wh/wh-ai/new_data/database/Mg2Si3/mp_1072992_mp_1072989_cost_0.3357/1_normalized.vasp,Mg2Si3,2,P-1,20,1,0.9999845027923584,0.9999980926513672,True,True,True,0.9999912977218628
/home/ubuntu/ai_wh/wh-ai/new_data/database/Li5TiAs3/mp_722400_mp_677039_cost_0.2250/1_normalized.vasp,Li5TiAs3,2,P-1,18,1,0.9999943971633911,0.9999880790710449,True,True,True,0.999991238117218
/home/ubuntu/ai_wh/wh-ai/new_data/database/V2Bi4O11/mp_1216992_mp_1100947_cost_0.0887/1_normalized.vasp,V2Bi4O11,1,P1,17,1,0.9999934434890747,0.9999889135360718,True,True,True,0.9999911785125732
/home/ubuntu/ai_wh/wh-ai/new_data/database/Ca(Mo3S4)2/mp_1182754_mp_8530_cost_0.3282/1_normalized.vasp,Ca(Mo3S4)2,2,P-1,15,1,0.9999873638153076,0.9999948740005493,True,True,True,0.9999911189079285
/home/ubuntu/ai_wh/wh-ai/new_data/database/K2SnO6/mp_1181405_mp_1079820_cost_0.4595/1_normalized.vasp,K2SnO6,2,P-1,9,1,0.9999922513961792,0.9999897480010986,True,True,True,0.9999909996986389
/home/ubuntu/ai_wh/wh-ai/new_data/database/KMg(CO5)2/mp_1180869_mp_1104832_cost_0.3069/1_normalized.vasp,KMg(CO5)2,2,P-1,14,1,0.999984622001648,0.9999971389770508,True,True,True,0.9999908804893494
/home/ubuntu/ai_wh/wh-ai/new_data/database/Rb8Mg(FeO4)2/mp_2230640_mp_2230085_cost_0.0630/1_normalized.vasp,Rb8Mg(FeO4)2,1,P1,19,1,0.9999837875366211,0.9999977350234985,True,True,True,0.9999907612800598
/home/ubuntu/ai_wh/wh-ai/new_data/database/CaMg14C/mp_1028169_mp_1028120_cost_0.4042/1_normalized.vasp,CaMg14C,38,Amm2,16,1,0.9999860525131226,0.9999954700469971,True,True,True,0.9999907612800598
/home/ubuntu/ai_wh/wh-ai/new_data/database/KRbMg6O7/mp_1031661_mp_1031286_cost_0.3213/1_normalized.vasp,KRbMg6O7,99,P4mm,15,1,0.9999845027923584,0.9999969005584717,True,True,True,0.999990701675415
/home/ubuntu/ai_wh/wh-ai/new_data/database/Mg(BiO2)4/mp_2227842_mp_2227686_cost_0.3631/1_normalized.vasp,Mg(BiO2)4,1,P1,13,1,0.9999840259552002,0.9999973773956299,True,True,True,0.999990701675415
/home/ubuntu/ai_wh/wh-ai/new_data/database/SnPSe3/mp_570370_mp_5706_cost_0.0112/1_normalized.vasp,SnPSe3,7,Pc,20,1,0.9999828338623047,0.9999983310699463,True,True,True,0.9999905824661255
/home/ubuntu/ai_wh/wh-ai/new_data/database/Ga2Se3/mp_1340_mp_672302_cost_0.1781/1_normalized.vasp,Ga2Se3,9,Cc,10,1,0.9999831914901733,0.9999979734420776,True,True,True,0.9999905824661255
/home/ubuntu/ai_wh/wh-ai/new_data/database/YWN3/mp_989407_mp_989617_cost_0.3196/1_normalized.vasp,YWN3,26,Pmc2_1,10,1,0.999983549118042,0.9999974966049194,True,True,True,0.9999905228614807
/home/ubuntu/ai_wh/wh-ai/new_data/database/CsKMg6/mp_1098049_mp_1021376_cost_0.4151/1_normalized.vasp,CsKMg6,6,Pm,16,1,0.9999821186065674,0.9999985694885254,True,True,True,0.9999903440475464
/home/ubuntu/ai_wh/wh-ai/new_data/database/KMgFe(SO4)2/mp_2218323_mp_2218440_cost_0.1981/1_normalized.vasp,KMgFe(SO4)2,8,Cm,13,1,0.9999898672103882,0.999990701675415,True,True,True,0.9999902844429016
/home/ubuntu/ai_wh/wh-ai/new_data/database/RbCd(NO2)3/mp_11016_mp_22597_cost_0.0229/1_normalized.vasp,RbCd(NO2)3,146,R3,11,1,0.9999896287918091,0.9999908208847046,True,True,True,0.9999902248382568
/home/ubuntu/ai_wh/wh-ai/new_data/database/Na5MgSbO5/mp_2218130_mp_2218133_cost_0.3487/1_normalized.vasp,Na5MgSbO5,1,P1,12,1,0.9999949932098389,0.9999853372573853,True,True,True,0.9999901652336121
/home/ubuntu/ai_wh/wh-ai/new_data/database/Ag8GeTe6/mp_685969_mp_676555_cost_0.2652/1_normalized.vasp,Ag8GeTe6,1,P1,15,1,0.9999916553497314,0.9999885559082031,True,True,True,0.9999901056289673
/home/ubuntu/ai_wh/wh-ai/new_data/database/KSbSe2/mp_542642_mp_9576_cost_0.0371/1_normalized.vasp,KSbSe2,2,P-1,16,1,0.999982476234436,0.999997615814209,True,True,True,0.9999900460243225
/home/ubuntu/ai_wh/wh-ai/new_data/database/RbMg6C/mp_1098289_mp_1100162_cost_0.1355/1_normalized.vasp,RbMg6C,38,Amm2,8,1,0.9999860525131226,0.9999938011169434,True,True,True,0.999989926815033
/home/ubuntu/ai_wh/wh-ai/new_data/database/K4MgNb2(CuS4)2/mp_2228938_mp_2229000_cost_0.0198/1_normalized.vasp,K4MgNb2(CuS4)2,5,C2,17,1,0.9999827146530151,0.9999969005584717,True,True,True,0.9999898076057434
/home/ubuntu/ai_wh/wh-ai/new_data/database/CaSbF5/mp_1399593_mp_1394463_cost_0.0353/1_normalized.vasp,CaSbF5,1,P1,14,1,0.999994158744812,0.9999854564666748,True,True,True,0.9999898076057434
/home/ubuntu/ai_wh/wh-ai/new_data/database/Sr3MgTi2O7/mp_2219785_mp_2219990_cost_0.3835/1_normalized.vasp,Sr3MgTi2O7,8,Cm,13,1,0.9999932050704956,0.9999860525131226,True,True,True,0.9999896287918091
/home/ubuntu/ai_wh/wh-ai/new_data/database/K2PtO6/mp_1181144_mp_1080119_cost_0.4808/1_normalized.vasp,K2PtO6,2,P-1,9,1,0.9999855756759644,0.9999936819076538,True,True,True,0.9999896287918091
/home/ubuntu/ai_wh/wh-ai/new_data/database/HI3/mp_1184859_mp_2929431_cost_0.1479/1_normalized.vasp,HI3,2,P-1,8,1,0.9999887943267822,0.9999902248382568,True,True,True,0.9999895095825195
/home/ubuntu/ai_wh/wh-ai/new_data/database/Sr2MgCuO3/mp_2242277_mp_2227095_cost_0.1144/1_normalized.vasp,Sr2MgCuO3,25,Pmm2,7,1,0.9999843835830688,0.9999943971633911,True,True,True,0.99998939037323
/home/ubuntu/ai_wh/wh-ai/new_data/database/MgPb5/mp_1185962_mp_976969_cost_0.2490/1_normalized.vasp,MgPb5,8,Cm,6,1,0.9999932050704956,0.9999855756759644,True,True,True,0.99998939037323
/home/ubuntu/ai_wh/wh-ai/new_data/database/K3Rh/mp_1180810_mp_1185110_cost_0.2151/1_normalized.vasp,K3Rh,12,C2/m,4,1,0.9999822378158569,0.9999963045120239,True,True,True,0.9999892711639404
/home/ubuntu/ai_wh/wh-ai/new_data/database/MgHg4(MoO4)2/mp_2232598_mp_2232513_cost_0.1293/1_normalized.vasp,MgHg4(MoO4)2,1,P1,15,1,0.9999802112579346,0.9999982118606567,True,True,True,0.9999892115592957
/home/ubuntu/ai_wh/wh-ai/new_data/database/BaMgTiO3/mp_2228114_mp_2210610_cost_0.0185/1_normalized.vasp,BaMgTiO3,160,R3m,6,1,0.9999920129776001,0.9999862909317017,True,True,True,0.9999891519546509
/home/ubuntu/ai_wh/wh-ai/new_data/database/SrHfO3/mp_13108_mp_4673_cost_0.0182/1_normalized.vasp,SrHfO3,99,P4mm,20,1,0.9999822378158569,0.9999960660934448,True,True,True,0.9999891519546509
/home/ubuntu/ai_wh/wh-ai/new_data/database/RbSrCl3/mp_998155_mp_1209111_cost_0.0358/1_normalized.vasp,RbSrCl3,8,Cm,10,1,0.9999942779541016,0.9999839067459106,True,True,True,0.9999890923500061
/home/ubuntu/ai_wh/wh-ai/new_data/database/Ge2N2O/mp_778194_mp_777483_cost_0.1121/1_normalized.vasp,Ge2N2O,9,Cc,10,1,0.9999803304672241,0.999997615814209,True,True,True,0.9999889731407166
/home/ubuntu/ai_wh/wh-ai/new_data/database/MgTi3Nb3O12/mp_2228339_mp_2228373_cost_0.4521/1_normalized.vasp,MgTi3Nb3O12,1,P1,19,1,0.9999911785125732,0.9999864101409912,True,True,True,0.9999887943267822
/home/ubuntu/ai_wh/wh-ai/new_data/database/GaAgSeS/mp_1224820_mp_1224845_cost_0.3991/1_normalized.vasp,GaAgSeS,9,Cc,8,1,0.999980092048645,0.9999974966049194,True,True,True,0.9999887943267822
/home/ubuntu/ai_wh/wh-ai/new_data/database/Ru(IN3)2/mp_1179668_mp_1079486_cost_0.0851/1_normalized.vasp,Ru(IN3)2,1,P1,9,1,0.9999908208847046,0.9999866485595703,True,True,True,0.9999887347221375
/home/ubuntu/ai_wh/wh-ai/new_data/database/Zn(BiO2)4/mp_1048003_mp_1046252_cost_0.2200/1_normalized.vasp,Zn(BiO2)4,1,P1,13,1,0.9999951124191284,0.9999821186065674,True,True,True,0.9999886155128479
/home/ubuntu/ai_wh/wh-ai/new_data/database/Mg2Bi/mp_1038899_mp_1039242_cost_0.4446/1_normalized.vasp,Mg2Bi,8,Cm,6,1,0.9999794960021973,0.9999977350234985,True,True,True,0.9999886155128479
/home/ubuntu/ai_wh/wh-ai/new_data/database/H3F2/mp_983357_mp_1524481_cost_0.0751/1_normalized.vasp,H3F2,1,P1,10,1,0.9999899864196777,0.9999871253967285,True,True,True,0.9999885559082031
/home/ubuntu/ai_wh/wh-ai/new_data/database/TlSbS2/mp_2012894_mp_28230_cost_0.4036/1_normalized.vasp,TlSbS2,2,P-1,16,1,0.9999799728393555,0.9999971389770508,True,True,True,0.9999885559082031
/home/ubuntu/ai_wh/wh-ai/new_data/database/Ca(TiS2)2/mp_1227354_mp_1048593_cost_0.2298/1_normalized.vasp,Ca(TiS2)2,10,P2/m,7,1,0.9999871253967285,0.9999896287918091,True,True,True,0.9999883770942688
/home/ubuntu/ai_wh/wh-ai/new_data/database/Zr3N2O3/mp_755132_mp_754659_cost_0.2131/1_normalized.vasp,Zr3N2O3,8,Cm,16,1,0.9999784231185913,0.9999983310699463,True,True,True,0.9999883770942688
/home/ubuntu/ai_wh/wh-ai/new_data/database/Li4V5O9F/mp_758679_mp_765807_cost_0.2887/1_normalized.vasp,Li4V5O9F,1,P1,19,1,0.9999792575836182,0.9999972581863403,True,True,True,0.9999882578849792
/home/ubuntu/ai_wh/wh-ai/new_data/database/CsNaF3/mp_998309_mp_998609_cost_0.3997/1_normalized.vasp,CsNaF3,8,Cm,20,1,0.9999946355819702,0.9999818801879883,True,True,True,0.9999882578849792
/home/ubuntu/ai_wh/wh-ai/new_data/database/TlInCl3/mp_2767078_mp_998713_cost_0.0747/1_normalized.vasp,TlInCl3,2,P-1,10,1,0.9999949932098389,0.999981164932251,True,True,True,0.9999880790710449
/home/ubuntu/ai_wh/wh-ai/new_data/database/Na4MgV2O6/mp_2227682_mp_2233672_cost_0.4550/1_normalized.vasp,Na4MgV2O6,8,Cm,13,1,0.999995231628418,0.9999808073043823,True,True,True,0.9999880194664001
/home/ubuntu/ai_wh/wh-ai/new_data/database/ZnCu2SiS4/mp_1189702_mp_977414_cost_0.3523/1_normalized.vasp,ZnCu2SiS4,7,Pc,16,1,0.9999796152114868,0.9999960660934448,True,True,True,0.9999878406524658
/home/ubuntu/ai_wh/wh-ai/new_data/database/KIBr2O/mp_1180825_mp_1180956_cost_0.0141/1_normalized.vasp,KIBr2O,10,P2/m,20,1,0.9999778270721436,0.9999972581863403,True,True,True,0.9999875426292419
/home/ubuntu/ai_wh/wh-ai/new_data/database/Li3Nb3TeO12/mp_754751_mp_756755_cost_0.1089/1_normalized.vasp,Li3Nb3TeO12,1,P1,19,1,0.9999812841415405,0.9999935626983643,True,True,True,0.9999874234199524
/home/ubuntu/ai_wh/wh-ai/new_data/database/MgTiPbO3/mp_2226705_mp_2227436_cost_0.2409/1_normalized.vasp,MgTiPbO3,25,Pmm2,6,1,0.9999775886535645,0.9999972581863403,True,True,True,0.9999874234199524
/home/ubuntu/ai_wh/wh-ai/new_data/database/Li4VO3F2/mp_801066_mp_1348419_cost_0.4526/1_normalized.vasp,Li4VO3F2,1,P1,20,1,0.9999809265136719,0.9999938011169434,True,True,True,0.9999873638153076
/home/ubuntu/ai_wh/wh-ai/new_data/database/Al2Te3/mp_1228524_mp_1247924_cost_0.1904/1_normalized.vasp,Al2Te3,9,Cc,10,1,0.9999904632568359,0.9999840259552002,True,True,True,0.9999872446060181
/home/ubuntu/ai_wh/wh-ai/new_data/database/Na8Mg(NiO4)2/mp_2231219_mp_2231589_cost_0.4816/1_normalized.vasp,Na8Mg(NiO4)2,1,P1,19,1,0.9999892711639404,0.9999847412109375,True,True,True,0.999987006187439
/home/ubuntu/ai_wh/wh-ai/new_data/database/Bi3P3O14/mp_1227518_mp_1227609_cost_0.0593/1_normalized.vasp,Bi3P3O14,5,C2,20,1,0.9999858140945435,0.9999881982803345,True,True,True,0.999987006187439
/home/ubuntu/ai_wh/wh-ai/new_data/database/Rb2MgNb2(TeO6)2/mp_1233161_mp_1233302_cost_0.0447/1_normalized.vasp,Rb2MgNb2(TeO6)2,1,P1,19,1,0.9999762773513794,0.9999974966049194,True,True,True,0.9999868869781494
/home/ubuntu/ai_wh/wh-ai/new_data/database/SiPN3/mp_1219220_mp_36053_cost_0.4336/1_normalized.vasp,SiPN3,4,P2_1,20,1,0.9999769926071167,0.9999967813491821,True,True,True,0.9999868869781494
/home/ubuntu/ai_wh/wh-ai/new_data/database/K2LiS2(O2F)2/mp_1235067_mp_1235506_cost_0.3792/1_normalized.vasp,K2LiS2(O2F)2,6,Pm,11,1,0.9999798536300659,0.9999938011169434,True,True,True,0.9999868273735046
/home/ubuntu/ai_wh/wh-ai/new_data/database/K3SnSb3/mp_1223733_mp_675476_cost_0.1467/1_normalized.vasp,K3SnSb3,8,Cm,14,1,0.9999765157699585,0.9999970197677612,True,True,True,0.9999867677688599
/home/ubuntu/ai_wh/wh-ai/new_data/database/MgNb2PdS6/mp_2226986_mp_2222797_cost_0.4408/1_normalized.vasp,MgNb2PdS6,8,Cm,10,1,0.9999794960021973,0.9999939203262329,True,True,True,0.9999867081642151
/home/ubuntu/ai_wh/wh-ai/new_data/database/CsSO3/mp_1068320_mp_561681_cost_0.3465/1_normalized.vasp,CsSO3,160,R3m,20,1,0.9999812841415405,0.9999921321868896,True,True,True,0.9999867081642151
/home/ubuntu/ai_wh/wh-ai/new_data/database/KNO2/mp_1067154_mp_29200_cost_0.3627/1_normalized.vasp,KNO2,44,Imm2,16,1,0.9999785423278809,0.9999947547912598,True,True,True,0.9999866485595703
/home/ubuntu/ai_wh/wh-ai/new_data/database/Al2PbSe4/mp_1228611_mp_675374_cost_0.2977/1_normalized.vasp,Al2PbSe4,6,Pm,14,1,0.9999852180480957,0.9999879598617554,True,True,True,0.9999865889549255
/home/ubuntu/ai_wh/wh-ai/new_data/database/MgSb2O5/mp_1411280_mp_1042921_cost_0.0935/1_normalized.vasp,MgSb2O5,1,P1,16,1,0.9999748468399048,0.9999980926513672,True,True,True,0.999986469745636
/home/ubuntu/ai_wh/wh-ai/new_data/database/SrLiAl2B2O7/mp_1235374_mp_1235389_cost_0.0498/1_normalized.vasp,SrLiAl2B2O7,1,P1,13,1,0.9999881982803345,0.999984622001648,True,True,True,0.9999864101409912
/home/ubuntu/ai_wh/wh-ai/new_data/database/Rb4CuSi2O7/mp_557618_mp_677813_cost_0.4923/1_normalized.vasp,Rb4CuSi2O7,2,P-1,14,1,0.9999850988388062,0.9999874830245972,True,True,True,0.9999862909317017
/home/ubuntu/ai_wh/wh-ai/new_data/database/RbMg6BO7/mp_1033632_mp_1033624_cost_0.1904/1_normalized.vasp,RbMg6BO7,99,P4mm,15,1,0.999976634979248,0.9999957084655762,True,True,True,0.9999861717224121
/home/ubuntu/ai_wh/wh-ai/new_data/database/MgH2/mp_569051_mp_1102038_cost_0.0315/1_normalized.vasp,MgH2,29,Pca2_1,12,1,0.9999841451644897,0.9999878406524658,True,True,True,0.9999859929084778
/home/ubuntu/ai_wh/wh-ai/new_data/database/KMg14B/mp_1026871_mp_1026827_cost_0.4398/1_normalized.vasp,KMg14B,38,Amm2,16,1,0.9999938011169434,0.9999781847000122,True,True,True,0.9999859929084778
/home/ubuntu/ai_wh/wh-ai/new_data/database/RbPO4/mp_1102784_mp_726130_cost_0.4115/1_normalized.vasp,RbPO4,11,P2_1/m,12,1,0.9999804496765137,0.9999912977218628,True,True,True,0.9999858736991882
/home/ubuntu/ai_wh/wh-ai/new_data/database/TlC/mp_1237637_mp_1060962_cost_0.0841/1_normalized.vasp,TlC,99,P4mm,2,1,0.9999940395355225,0.999977707862854,True,True,True,0.9999858736991882
/home/ubuntu/ai_wh/wh-ai/new_data/database/K2LiH2(SeO3)2/mp_1235049_mp_1236533_cost_0.2845/1_normalized.vasp,K2LiH2(SeO3)2,1,P1,13,1,0.9999747276306152,0.9999966621398926,True,True,True,0.9999856948852539
/home/ubuntu/ai_wh/wh-ai/new_data/database/Na4TiO4/mp_14726_mp_761683_cost_0.3268/1_normalized.vasp,Na4TiO4,2,P-1,18,1,0.9999942779541016,0.9999767541885376,True,True,True,0.9999855160713196
/home/ubuntu/ai_wh/wh-ai/new_data/database/Ca2SnWO6/mp_1386257_mp_1875676_cost_0.1725/1_normalized.vasp,Ca2SnWO6,1,P1,10,1,0.9999731779098511,0.9999977350234985,True,True,True,0.9999854564666748
/home/ubuntu/ai_wh/wh-ai/new_data/database/KHS/mp_38011_mp_634676_cost_0.1694/1_normalized.vasp,KHS,160,R3m,6,1,0.9999939203262329,0.9999768733978271,True,True,True,0.99998539686203
/home/ubuntu/ai_wh/wh-ai/new_data/database/Zn2BiWO6/mp_1041737_mp_1344198_cost_0.2971/1_normalized.vasp,Zn2BiWO6,1,P1,20,1,0.9999784231185913,0.999991774559021,True,True,True,0.9999850988388062
/home/ubuntu/ai_wh/wh-ai/new_data/database/Te2SO7/mp_557480_mp_4906_cost_0.0615/1_normalized.vasp,Te2SO7,31,Pmn2_1,20,1,0.9999717473983765,0.9999982118606567,True,True,True,0.9999849796295166
/home/ubuntu/ai_wh/wh-ai/new_data/database/MgNb2(PS)2/mp_2227705_mp_2226538_cost_0.2000/1_normalized.vasp,MgNb2(PS)2,8,Cm,7,1,0.9999722242355347,0.9999973773956299,True,True,True,0.9999848008155823
/home/ubuntu/ai_wh/wh-ai/new_data/database/Ca3SnF6/mp_1214347_mp_1214305_cost_0.4294/1_normalized.vasp,Ca3SnF6,2,P-1,10,1,0.9999717473983765,0.9999978542327881,True,True,True,0.9999848008155823
/home/ubuntu/ai_wh/wh-ai/new_data/database/MgNbBi3O7/mp_2218181_mp_2218162_cost_0.0720/1_normalized.vasp,MgNbBi3O7,1,P1,12,1,0.99997878074646,0.9999905824661255,True,True,True,0.9999846816062927
/home/ubuntu/ai_wh/wh-ai/new_data/database/MgMoOs(PbO3)2/mp_2218000_mp_2217879_cost_0.4788/1_normalized.vasp,MgMoOs(PbO3)2,1,P1,11,1,0.9999862909317017,0.9999830722808838,True,True,True,0.9999846816062927
/home/ubuntu/ai_wh/wh-ai/new_data/database/Li4V(TeO4)3/mp_771275_mp_755674_cost_0.4939/1_normalized.vasp,Li4V(TeO4)3,1,P1,20,1,0.9999723434448242,0.9999969005584717,True,True,True,0.999984622001648
/home/ubuntu/ai_wh/wh-ai/new_data/database/KMg6BO7/mp_1031271_mp_1031273_cost_0.1626/1_normalized.vasp,KMg6BO7,99,P4mm,15,1,0.9999737739562988,0.9999951124191284,True,True,True,0.9999844431877136
/home/ubuntu/ai_wh/wh-ai/new_data/database/KMgSc(MoO4)2/mp_2218308_mp_2218368_cost_0.2803/1_normalized.vasp,KMgSc(MoO4)2,156,P3m1,13,1,0.9999810457229614,0.9999877214431763,True,True,True,0.9999843835830688
/home/ubuntu/ai_wh/wh-ai/new_data/database/CeMg6Al/mp_1261437_mp_1099111_cost_0.3156/1_normalized.vasp,CeMg6Al,6,Pm,8,1,0.9999736547470093,0.9999948740005493,True,True,True,0.9999842643737793
/home/ubuntu/ai_wh/wh-ai/new_data/database/K2MgCuF6/mp_1223641_mp_1223639_cost_0.3158/1_normalized.vasp,K2MgCuF6,123,P4/mmm,10,1,0.999974250793457,0.9999942779541016,True,True,True,0.9999842643737793
/home/ubuntu/ai_wh/wh-ai/new_data/database/KNiN/mp_1245814_mp_1246843_cost_0.1455/1_normalized.vasp,KNiN,8,Cm,3,1,0.9999945163726807,0.9999730587005615,True,True,True,0.9999837875366211
/home/ubuntu/ai_wh/wh-ai/new_data/database/LiBeH3/mp_1079676_mp_24342_cost_0.3668/1_normalized.vasp,LiBeH3,5,C2,20,1,0.9999922513961792,0.9999744892120361,True,True,True,0.9999833703041077
/home/ubuntu/ai_wh/wh-ai/new_data/database/RbHfMg6O7/mp_1033646_mp_1033722_cost_0.1212/1_normalized.vasp,RbHfMg6O7,99,P4mm,15,1,0.9999690055847168,0.9999972581863403,True,True,True,0.9999831318855286
/home/ubuntu/ai_wh/wh-ai/new_data/database/RbInCl3/mp_998204_mp_998753_cost_0.0145/1_normalized.vasp,RbInCl3,8,Cm,10,1,0.9999951124191284,0.9999709129333496,True,True,True,0.999983012676239
/home/ubuntu/ai_wh/wh-ai/new_data/database/CaWO2/mp_1343434_mp_1401385_cost_0.4207/1_normalized.vasp,CaWO2,2,P-1,16,1,0.9999686479568481,0.9999973773956299,True,True,True,0.999983012676239
/home/ubuntu/ai_wh/wh-ai/new_data/database/Mg5As/mp_973307_mp_1185806_cost_0.0654/1_normalized.vasp,Mg5As,8,Cm,6,1,0.9999679327011108,0.9999979734420776,True,True,True,0.9999829530715942
/home/ubuntu/ai_wh/wh-ai/new_data/database/Ca2BiWO6/mp_1047226_mp_1516707_cost_0.1555/1_normalized.vasp,Ca2BiWO6,146,R3,10,1,0.9999786615371704,0.999987006187439,True,True,True,0.9999828338623047
/home/ubuntu/ai_wh/wh-ai/new_data/database/Li5AuO4/mp_675606_mp_1222442_cost_0.2173/1_normalized.vasp,Li5AuO4,2,P-1,10,1,0.9999871253967285,0.9999781847000122,True,True,True,0.9999826550483704
/home/ubuntu/ai_wh/wh-ai/new_data/database/MgTa2O6/mp_1048795_mp_9650_cost_0.4263/1_normalized.vasp,MgTa2O6,31,Pmn2_1,18,1,0.9999676942825317,0.9999971389770508,True,True,True,0.9999824166297913
/home/ubuntu/ai_wh/wh-ai/new_data/database/CdHg2SeO6/mp_1183876_mp_556369_cost_0.1529/1_normalized.vasp,CdHg2SeO6,2,P-1,20,1,0.9999666213989258,0.9999980926513672,True,True,True,0.9999823570251465
/home/ubuntu/ai_wh/wh-ai/new_data/database/MgScMo3O8/mp_2218785_mp_2218557_cost_0.3625/1_normalized.vasp,MgScMo3O8,1,P1,13,1,0.9999929666519165,0.9999715089797974,True,True,True,0.9999822378158569
/home/ubuntu/ai_wh/wh-ai/new_data/database/LiErTlO2/mp_1236123_mp_1235504_cost_0.3200/1_normalized.vasp,LiErTlO2,160,R3m,5,1,0.9999794960021973,0.9999831914901733,True,True,True,0.9999813437461853
/home/ubuntu/ai_wh/wh-ai/new_data/database/BeF2/mp_684652_mp_558118_cost_0.2688/1_normalized.vasp,BeF2,5,C2,9,1,0.9999812841415405,0.9999810457229614,True,True,True,0.999981164932251
/home/ubuntu/ai_wh/wh-ai/new_data/database/Ho2Mg(BiO3)4/mp_2228418_mp_2230967_cost_0.3265/1_normalized.vasp,Ho2Mg(BiO3)4,1,P1,19,1,0.9999909400939941,0.9999706745147705,True,True,True,0.9999808073043823
/home/ubuntu/ai_wh/wh-ai/new_data/database/KTiO3/mp_760376_mp_1180658_cost_0.4066/1_normalized.vasp,KTiO3,99,P4mm,20,1,0.9999914169311523,0.9999700784683228,True,True,True,0.9999807476997375
/home/ubuntu/ai_wh/wh-ai/new_data/database/Na2O/mp_1975297_mp_755072_cost_0.3186/1_normalized.vasp,Na2O,12,C2/m,6,1,0.9999899864196777,0.9999713897705078,True,True,True,0.9999806880950928
/home/ubuntu/ai_wh/wh-ai/new_data/database/Cu8O7/mp_32905_mp_760084_cost_0.2173/1_normalized.vasp,Cu8O7,5,C2,15,1,0.9999687671661377,0.9999921321868896,True,True,True,0.9999804496765137
/home/ubuntu/ai_wh/wh-ai/new_data/database/TeNO4/mp_1102544_mp_1179065_cost_0.0625/1_normalized.vasp,TeNO4,2,P-1,12,1,0.9999624490737915,0.9999977350234985,True,True,True,0.999980092048645
/home/ubuntu/ai_wh/wh-ai/new_data/database/LiTi4O8/mp_1235089_mp_1222384_cost_0.2765/1_normalized.vasp,LiTi4O8,8,Cm,13,1,0.999967098236084,0.999992847442627,True,True,True,0.9999799728393555
/home/ubuntu/ai_wh/wh-ai/new_data/database/Rb6Mg(FeO3)2/mp_2226530_mp_2226528_cost_0.4555/1_normalized.vasp,Rb6Mg(FeO3)2,1,P1,15,1,0.9999948740005493,0.9999649524688721,True,True,True,0.9999799132347107
/home/ubuntu/ai_wh/wh-ai/new_data/database/KMgMoO3/mp_2210641_mp_2227364_cost_0.1395/1_normalized.vasp,KMgMoO3,160,R3m,6,1,0.9999796152114868,0.9999797344207764,True,True,True,0.9999796748161316
/home/ubuntu/ai_wh/wh-ai/new_data/database/SbS2N/mp_1179588_mp_727164_cost_0.0413/1_normalized.vasp,SbS2N,2,P-1,16,1,0.9999655485153198,0.9999934434890747,True,True,True,0.9999794960021973
/home/ubuntu/ai_wh/wh-ai/new_data/database/Zn2TeWO6/mp_1047504_mp_1373817_cost_0.2613/1_normalized.vasp,Zn2TeWO6,1,P1,20,1,0.9999637603759766,0.999995231628418,True,True,True,0.9999794960021973
/home/ubuntu/ai_wh/wh-ai/new_data/database/RbLi3S2O9/mp_726253_mp_1209228_cost_0.2188/1_normalized.vasp,RbLi3S2O9,1,P1,15,1,0.9999608993530273,0.9999977350234985,True,True,True,0.9999793171882629
/home/ubuntu/ai_wh/wh-ai/new_data/database/MgWO2/mp_1387273_mp_1399030_cost_0.4114/1_normalized.vasp,MgWO2,1,P1,16,1,0.9999620914459229,0.999996542930603,True,True,True,0.9999793171882629
/home/ubuntu/ai_wh/wh-ai/new_data/database/LiNbTe2WO12/mp_756613_mp_752611_cost_0.4237/1_normalized.vasp,LiNbTe2WO12,1,P1,17,1,0.9999639987945557,0.9999943971633911,True,True,True,0.9999791979789734
/home/ubuntu/ai_wh/wh-ai/new_data/database/MgVCl2O/mp_2224833_mp_2227442_cost_0.1686/1_normalized.vasp,MgVCl2O,1,P1,5,1,0.9999911785125732,0.9999645948410034,True,True,True,0.9999778866767883
/home/ubuntu/ai_wh/wh-ai/new_data/database/Mg(SiO2)6/mp_1233493_mp_1233503_cost_0.1640/1_normalized.vasp,Mg(SiO2)6,1,P1,19,1,0.9999608993530273,0.9999943971633911,True,True,True,0.9999776482582092
/home/ubuntu/ai_wh/wh-ai/new_data/database/Ti(MoS2)2/mp_1217266_mp_1025173_cost_0.2044/1_normalized.vasp,Ti(MoS2)2,8,Cm,7,1,0.9999678134918213,0.9999868869781494,True,True,True,0.9999773502349854
/home/ubuntu/ai_wh/wh-ai/new_data/database/MgMoW2(Se2S)2/mp_2240606_mp_2240347_cost_0.1400/1_normalized.vasp,MgMoW2(Se2S)2,8,Cm,10,1,0.9999698400497437,0.9999847412109375,True,True,True,0.9999772906303406
/home/ubuntu/ai_wh/wh-ai/new_data/database/Li4VO4F/mp_752582_mp_752971_cost_0.2886/1_normalized.vasp,Li4VO4F,9,Cc,20,1,0.9999555349349976,0.9999984502792358,True,True,True,0.9999769926071167
/home/ubuntu/ai_wh/wh-ai/new_data/database/HfTaNO3/mp_1018719_mp_1103592_cost_0.3632/1_normalized.vasp,HfTaNO3,25,Pmm2,12,1,0.9999552965164185,0.9999983310699463,True,True,True,0.9999768137931824
/home/ubuntu/ai_wh/wh-ai/new_data/database/Rb2Pd3S4/mp_663190_mp_1205388_cost_0.1107/1_normalized.vasp,Rb2Pd3S4,8,Cm,18,1,0.9999905824661255,0.9999624490737915,True,True,True,0.9999765157699585
/home/ubuntu/ai_wh/wh-ai/new_data/database/NF2/mp_2019727_mp_726118_cost_0.0322/1_normalized.vasp,NF2,2,P-1,12,1,0.9999583959579468,0.9999939203262329,True,True,True,0.9999761581420898
/home/ubuntu/ai_wh/wh-ai/new_data/database/Mg(SnO2)4/mp_1047978_mp_1046228_cost_0.0718/1_normalized.vasp,Mg(SnO2)4,8,Cm,13,1,0.9999545812606812,0.9999967813491821,True,True,True,0.9999756813049316
/home/ubuntu/ai_wh/wh-ai/new_data/database/ZrPbO3/mp_20337_mp_755798_cost_0.0435/1_normalized.vasp,ZrPbO3,38,Amm2,20,1,0.9999593496322632,0.9999887943267822,True,True,True,0.9999740719795227
/home/ubuntu/ai_wh/wh-ai/new_data/database/Li3VO3F2/mp_761111_mp_1398000_cost_0.3707/1_normalized.vasp,Li3VO3F2,1,P1,9,1,0.9999905824661255,0.9999566078186035,True,True,True,0.9999735951423645
/home/ubuntu/ai_wh/wh-ai/new_data/database/Ti4ZnO8/mp_1392336_mp_1412440_cost_0.0392/1_normalized.vasp,Ti4ZnO8,8,Cm,13,1,0.9999570846557617,0.9999899864196777,True,True,True,0.9999735355377197
/home/ubuntu/ai_wh/wh-ai/new_data/database/RbMgIn(MoO4)2/mp_2227585_mp_2218449_cost_0.2831/1_normalized.vasp,RbMgIn(MoO4)2,156,P3m1,13,1,0.9999889135360718,0.9999572038650513,True,True,True,0.9999730587005615
/home/ubuntu/ai_wh/wh-ai/new_data/database/CsMg6BO7/mp_1099221_mp_1099225_cost_0.1921/1_normalized.vasp,CsMg6BO7,99,P4mm,15,1,0.9999493360519409,0.9999960660934448,True,True,True,0.9999727010726929
/home/ubuntu/ai_wh/wh-ai/new_data/database/LiSn/mp_569073_mp_13444_cost_0.1958/1_normalized.vasp,LiSn,10,P2/m,12,1,0.9999827146530151,0.9999624490737915,True,True,True,0.9999725818634033
/home/ubuntu/ai_wh/wh-ai/new_data/database/MgZn2(BiO3)4/mp_2230573_mp_2230273_cost_0.2146/1_normalized.vasp,MgZn2(BiO3)4,1,P1,19,1,0.9999542236328125,0.9999908208847046,True,True,True,0.9999725222587585
/home/ubuntu/ai_wh/wh-ai/new_data/database/La(HO)3/mp_625788_mp_2030372_cost_0.2707/1_normalized.vasp,La(HO)3,1,P1,14,1,0.9999936819076538,0.9999510049819946,True,True,True,0.9999723434448242
/home/ubuntu/ai_wh/wh-ai/new_data/database/BaNa4O3/mp_756090_mp_756084_cost_0.4203/1_normalized.vasp,BaNa4O3,9,Cc,16,1,0.9999929666519165,0.9999510049819946,True,True,True,0.9999719858169556
/home/ubuntu/ai_wh/wh-ai/new_data/database/Rb2LiNb2(TeO6)2/mp_1235125_mp_1235548_cost_0.4606/1_normalized.vasp,Rb2LiNb2(TeO6)2,8,Cm,19,1,0.9999487400054932,0.9999951124191284,True,True,True,0.9999719262123108
/home/ubuntu/ai_wh/wh-ai/new_data/database/Sr2MgCuO4/mp_2227752_mp_2226548_cost_0.0567/1_normalized.vasp,Sr2MgCuO4,12,C2/m,8,1,0.9999518394470215,0.9999912977218628,True,True,True,0.9999715685844421
/home/ubuntu/ai_wh/wh-ai/new_data/database/CsSrI3/mp_998417_mp_1080232_cost_0.2291/1_normalized.vasp,CsSrI3,8,Cm,10,1,0.9999445676803589,0.9999980926513672,True,True,True,0.999971330165863
/home/ubuntu/ai_wh/wh-ai/new_data/database/MgHg2(BiO3)2/mp_2240382_mp_2240231_cost_0.2668/1_normalized.vasp,MgHg2(BiO3)2,1,P1,11,1,0.9999438524246216,0.9999980926513672,True,True,True,0.9999709725379944
/home/ubuntu/ai_wh/wh-ai/new_data/database/KSnS2/mp_7794_mp_558762_cost_0.0611/1_normalized.vasp,KSnS2,160,R3m,4,1,0.9999492168426514,0.9999927282333374,True,True,True,0.9999709725379944
/home/ubuntu/ai_wh/wh-ai/new_data/database/SiSn3/mp_1187081_mp_978494_cost_0.1543/1_normalized.vasp,SiSn3,2,P-1,4,1,0.9999507665634155,0.9999903440475464,True,True,True,0.999970555305481
/home/ubuntu/ai_wh/wh-ai/new_data/database/K(OsO3)2/mp_554461_mp_675028_cost_0.4767/1_normalized.vasp,K(OsO3)2,2,P-1,18,1,0.9999436140060425,0.9999969005584717,True,True,True,0.9999702572822571
/home/ubuntu/ai_wh/wh-ai/new_data/database/CsCd(NO2)3/mp_6628_mp_22378_cost_0.0207/1_normalized.vasp,CsCd(NO2)3,146,R3,11,1,0.9999438524246216,0.999995231628418,True,True,True,0.9999695420265198
/home/ubuntu/ai_wh/wh-ai/new_data/database/MgV2S4(Br2N3)2/mp_2229658_mp_2229921_cost_0.4620/1_normalized.vasp,MgV2S4(Br2N3)2,2,P-1,17,1,0.9999589920043945,0.9999794960021973,True,True,True,0.9999692440032959
/home/ubuntu/ai_wh/wh-ai/new_data/database/NaLiMg6O7/mp_1030924_mp_1030910_cost_0.1576/1_normalized.vasp,NaLiMg6O7,99,P4mm,15,1,0.999941349029541,0.9999949932098389,True,True,True,0.9999681711196899
/home/ubuntu/ai_wh/wh-ai/new_data/database/Ca(BiO2)4/mp_1046237_mp_1047990_cost_0.4619/1_normalized.vasp,Ca(BiO2)4,8,Cm,13,1,0.9999451637268066,0.9999909400939941,True,True,True,0.9999680519104004
/home/ubuntu/ai_wh/wh-ai/new_data/database/BCl(OF2)2/mp_557856_mp_754459_cost_0.2167/1_normalized.vasp,BCl(OF2)2,9,Cc,16,1,0.9999746084213257,0.9999608993530273,True,True,True,0.9999677538871765
/home/ubuntu/ai_wh/wh-ai/new_data/database/MgAg2(GeO3)2/mp_2223650_mp_2223667_cost_0.0972/1_normalized.vasp,MgAg2(GeO3)2,25,Pmm2,11,1,0.9999382495880127,0.9999969005584717,True,True,True,0.9999675750732422
/home/ubuntu/ai_wh/wh-ai/new_data/database/LiSnN/mp_1245983_mp_1245978_cost_0.4621/1_normalized.vasp,LiSnN,186,P6_3mc,12,1,0.999992847442627,0.9999418258666992,True,True,True,0.9999673366546631
/home/ubuntu/ai_wh/wh-ai/new_data/database/CaMoO4/mp_1182403_mp_19330_cost_0.1595/1_normalized.vasp,CaMoO4,2,P-1,12,1,0.999937891960144,0.9999963045120239,True,True,True,0.999967098236084
/home/ubuntu/ai_wh/wh-ai/new_data/database/Rb3LiTbV2O8/mp_1236680_mp_1235041_cost_0.2175/1_normalized.vasp,Rb3LiTbV2O8,1,P1,15,1,0.9999339580535889,0.9999977350234985,True,True,True,0.9999658465385437
/home/ubuntu/ai_wh/wh-ai/new_data/database/VP2O7/mp_1178774_mp_26728_cost_0.3427/1_normalized.vasp,VP2O7,1,P1,20,1,0.9999358654022217,0.9999951124191284,True,True,True,0.999965488910675
/home/ubuntu/ai_wh/wh-ai/new_data/database/Rb4MgTi2(CuS2)4/mp_2230081_mp_2230093_cost_0.3483/1_normalized.vasp,Rb4MgTi2(CuS2)4,10,P2/m,19,1,0.9999321699142456,0.9999977350234985,True,True,True,0.9999649524688721
/home/ubuntu/ai_wh/wh-ai/new_data/database/Na6MgMo2(NO3)2/mp_2229660_mp_2228981_cost_0.1479/1_normalized.vasp,Na6MgMo2(NO3)2,6,Pm,17,1,0.9999474287033081,0.999980092048645,True,True,True,0.9999637603759766
/home/ubuntu/ai_wh/wh-ai/new_data/database/Ta(Mo2S5)2/mp_1348082_mp_1217790_cost_0.3087/1_normalized.vasp,Ta(Mo2S5)2,1,P1,15,1,0.9999390840530396,0.9999855756759644,True,True,True,0.999962329864502
/home/ubuntu/ai_wh/wh-ai/new_data/database/K2ThF6/mp_1223876_mp_675562_cost_0.3850/1_normalized.vasp,K2ThF6,71,Immm,18,1,0.9999293088912964,0.9999948740005493,True,True,True,0.9999620914459229
/home/ubuntu/ai_wh/wh-ai/new_data/database/CaTi2PbO6/mp_1237057_mp_1228014_cost_0.3619/1_normalized.vasp,CaTi2PbO6,99,P4mm,10,1,0.9999704360961914,0.999953031539917,True,True,True,0.9999617338180542
/home/ubuntu/ai_wh/wh-ai/new_data/database/MgNb2(SCl)4/mp_2234083_mp_2241078_cost_0.0711/1_normalized.vasp,MgNb2(SCl)4,8,Cm,11,1,0.9999232292175293,0.9999922513961792,True,True,True,0.9999577403068542
/home/ubuntu/ai_wh/wh-ai/new_data/database/K2O/mp_936219_mp_776081_cost_0.2804/1_normalized.vasp,K2O,141,I4_1/amd,6,1,0.9999134540557861,0.9999939203262329,True,True,True,0.9999536871910095
/home/ubuntu/ai_wh/wh-ai/new_data/database/UPb2/mp_1077277_mp_1208815_cost_0.3764/1_normalized.vasp,UPb2,2,P-1,12,1,0.9999161958694458,0.9999902248382568,True,True,True,0.9999532103538513
/home/ubuntu/ai_wh/wh-ai/new_data/database/KNa2AlH6/mp_600151_mp_1259114_cost_0.0195/1_normalized.vasp,KNa2AlH6,4,P2_1,20,1,0.9999936819076538,0.9999115467071533,True,True,True,0.9999526143074036
/home/ubuntu/ai_wh/wh-ai/new_data/database/Sr2MgZnMoO6/mp_2240644_mp_2222910_cost_0.4021/1_normalized.vasp,Sr2MgZnMoO6,1,P1,11,1,0.9999066591262817,0.9999974966049194,True,True,True,0.9999520778656006
/home/ubuntu/ai_wh/wh-ai/new_data/database/Ta6S/mp_558552_mp_1425201_cost_0.3663/1_normalized.vasp,Ta6S,2,P-1,14,1,0.9999063014984131,0.9999977350234985,True,True,True,0.9999520182609558
/home/ubuntu/ai_wh/wh-ai/new_data/database/Na4WO5/mp_19334_mp_1425422_cost_0.4874/1_normalized.vasp,Na4WO5,2,P-1,20,1,0.9999932050704956,0.9999105930328369,True,True,True,0.9999518990516663
/home/ubuntu/ai_wh/wh-ai/new_data/database/MgBi/mp_1039236_mp_1038761_cost_0.3244/1_normalized.vasp,MgBi,5,C2,12,1,0.9999837875366211,0.9999194145202637,True,True,True,0.9999516010284424
/home/ubuntu/ai_wh/wh-ai/new_data/database/Ga2Te3/mp_1224873_mp_38970_cost_0.4304/1_normalized.vasp,Ga2Te3,8,Cm,10,1,0.9999173879623413,0.9999856948852539,True,True,True,0.9999515414237976
/home/ubuntu/ai_wh/wh-ai/new_data/database/KN2/mp_1206884_mp_1071868_cost_0.1531/1_normalized.vasp,KN2,71,Immm,6,1,0.9999737739562988,0.9999291896820068,True,True,True,0.9999514818191528
/home/ubuntu/ai_wh/wh-ai/new_data/database/CaMg6C/mp_1023247_mp_1023164_cost_0.3849/1_normalized.vasp,CaMg6C,38,Amm2,8,1,0.999946117401123,0.9999562501907349,True,True,True,0.999951183795929
/home/ubuntu/ai_wh/wh-ai/new_data/database/PtN3O4/mp_1179950_mp_1105978_cost_0.0738/1_normalized.vasp,PtN3O4,2,P-1,16,1,0.9999127388000488,0.9999887943267822,True,True,True,0.9999507665634155
/home/ubuntu/ai_wh/wh-ai/new_data/database/Na2MgTiO3/mp_2226551_mp_2225851_cost_0.2163/1_normalized.vasp,Na2MgTiO3,8,Cm,7,1,0.999904990196228,0.9999929666519165,True,True,True,0.9999489784240723
/home/ubuntu/ai_wh/wh-ai/new_data/database/Na6Mg(BiO4)2/mp_2228973_mp_2224791_cost_0.3220/1_normalized.vasp,Na6Mg(BiO4)2,1,P1,17,1,0.9999946355819702,0.9999003410339355,True,True,True,0.9999474883079529
/home/ubuntu/ai_wh/wh-ai/new_data/database/MgSn3/mp_1094988_mp_1094802_cost_0.0588/1_normalized.vasp,MgSn3,25,Pmm2,4,1,0.9999128580093384,0.9999808073043823,True,True,True,0.9999468326568604
/home/ubuntu/ai_wh/wh-ai/new_data/database/CsLaMgNb2O7/mp_2218137_mp_2218221_cost_0.2320/1_normalized.vasp,CsLaMgNb2O7,99,P4mm,12,1,0.9999556541442871,0.9999358654022217,True,True,True,0.9999457597732544
/home/ubuntu/ai_wh/wh-ai/new_data/database/MgTe3WO12/mp_2229380_mp_2228996_cost_0.2521/1_normalized.vasp,MgTe3WO12,3,P2,17,1,0.9998934268951416,0.9999966621398926,True,True,True,0.9999450445175171
/home/ubuntu/ai_wh/wh-ai/new_data/database/MgNb2(O2F)2/mp_2217155_mp_2223131_cost_0.2736/1_normalized.vasp,MgNb2(O2F)2,1,P1,9,1,0.9998998641967773,0.9999901056289673,True,True,True,0.9999449849128723
/home/ubuntu/ai_wh/wh-ai/new_data/database/MgV2(Ga2O5)2/mp_2229017_mp_2229821_cost_0.3146/1_normalized.vasp,MgV2(Ga2O5)2,1,P1,17,1,0.9998884201049805,0.9999984502792358,True,True,True,0.9999434351921082
/home/ubuntu/ai_wh/wh-ai/new_data/database/Ta2O5/mp_1974719_mp_1043362_cost_0.3593/1_normalized.vasp,Ta2O5,12,C2/m,14,1,0.9998871088027954,0.9999961853027344,True,True,True,0.9999416470527649
/home/ubuntu/ai_wh/wh-ai/new_data/database/Na3SbF6/mp_1206139_mp_1111642_cost_0.3673/1_normalized.vasp,Na3SbF6,2,P-1,10,1,0.9999943971633911,0.9998880624771118,True,True,True,0.9999412298202515
/home/ubuntu/ai_wh/wh-ai/new_data/database/Cs2Si(HO2)2/mp_995230_mp_1259944_cost_0.0267/1_normalized.vasp,Cs2Si(HO2)2,2,P-1,18,1,0.9998834133148193,0.9999934434890747,True,True,True,0.999938428401947
/home/ubuntu/ai_wh/wh-ai/new_data/database/Ca(ClO2)2/mp_1105258_mp_1181836_cost_0.1222/1_normalized.vasp,Ca(ClO2)2,2,P-1,14,1,0.9999192953109741,0.9999544620513916,True,True,True,0.9999368786811829
/home/ubuntu/ai_wh/wh-ai/new_data/database/MgRe2(SbO6)2/mp_2229493_mp_2241337_cost_0.4527/1_normalized.vasp,MgRe2(SbO6)2,6,Pm,17,1,0.9998774528503418,0.9999942779541016,True,True,True,0.9999358654022217
/home/ubuntu/ai_wh/wh-ai/new_data/database/Na4CO4/mp_1182529_mp_546551_cost_0.2370/1_normalized.vasp,Na4CO4,1,P1,9,1,0.9999847412109375,0.9998867511749268,True,True,True,0.9999357461929321
/home/ubuntu/ai_wh/wh-ai/new_data/database/MgTi2Zn2(PO5)2/mp_1233970_mp_1233700_cost_0.2616/1_normalized.vasp,MgTi2Zn2(PO5)2,1,P1,17,1,0.999873161315918,0.9999978542327881,True,True,True,0.999935507774353
/home/ubuntu/ai_wh/wh-ai/new_data/database/KAlSiO4/mp_1223549_mp_9480_cost_0.3462/1_normalized.vasp,KAlSiO4,143,P3,14,1,0.9999921321868896,0.9998787641525269,True,True,True,0.9999354481697083
/home/ubuntu/ai_wh/wh-ai/new_data/database/AgSbS2/mp_1182950_mp_627601_cost_0.0115/1_normalized.vasp,AgSbS2,9,Cc,16,1,0.9999784231185913,0.9998828172683716,True,True,True,0.9999306201934814
/home/ubuntu/ai_wh/wh-ai/new_data/database/Rb2ZrO3/mp_756156_mp_752401_cost_0.1084/1_normalized.vasp,Rb2ZrO3,36,Cmc2_1,12,1,0.9998650550842285,0.999993085861206,True,True,True,0.9999290704727173
/home/ubuntu/ai_wh/wh-ai/new_data/database/Mg(WO3)4/mp_2229060_mp_2229066_cost_0.0725/1_normalized.vasp,Mg(WO3)4,1,P1,17,1,0.9998819828033447,0.9999730587005615,True,True,True,0.9999275207519531
/home/ubuntu/ai_wh/wh-ai/new_data/database/Na2MgGe2(SbO5)2/mp_2229266_mp_2229623_cost_0.0328/1_normalized.vasp,Na2MgGe2(SbO5)2,1,P1,17,1,0.9998539686203003,0.999995231628418,True,True,True,0.9999246001243591
/home/ubuntu/ai_wh/wh-ai/new_data/database/K2W2O5/mp_1097834_mp_1076391_cost_0.0311/1_normalized.vasp,K2W2O5,1,P1,18,1,0.9998413324356079,0.9999951124191284,True,True,True,0.9999182224273682
/home/ubuntu/ai_wh/wh-ai/new_data/database/Na3NpO10/mp_1104761_mp_1180306_cost_0.0406/1_normalized.vasp,Na3NpO10,2,P-1,14,1,0.9999933242797852,0.9998397827148438,True,True,True,0.9999165534973145
/home/ubuntu/ai_wh/wh-ai/new_data/database/CaMg(CO3)2/mp_3346526_mp_3347005_cost_0.2496/1_normalized.vasp,CaMg(CO3)2,5,C2,20,1,0.9998339414596558,0.9999980926513672,True,True,True,0.9999160170555115
/home/ubuntu/ai_wh/wh-ai/new_data/database/UCl5/mp_27240_mp_1419122_cost_0.2365/1_normalized.vasp,UCl5,2,P-1,12,1,0.9999668598175049,0.9998598098754883,True,True,True,0.9999133348464966
/home/ubuntu/ai_wh/wh-ai/new_data/database/Mg5Zn/mp_1094459_mp_1094450_cost_0.4892/1_normalized.vasp,Mg5Zn,8,Cm,6,1,0.9998247027397156,0.9999979734420776,True,True,True,0.9999113380908966
/home/ubuntu/ai_wh/wh-ai/new_data/database/LiTeHO4/mp_760684_mp_756477_cost_0.0576/1_normalized.vasp,LiTeHO4,4,P2_1,14,1,0.9999948740005493,0.9998125433921814,True,True,True,0.9999037086963654
/home/ubuntu/ai_wh/wh-ai/new_data/database/MgTi5NbO12/mp_2231549_mp_2230047_cost_0.2590/1_normalized.vasp,MgTi5NbO12,1,P1,19,1,0.9998082518577576,0.9999945163726807,True,True,True,0.9999013841152191
/home/ubuntu/ai_wh/wh-ai/new_data/database/MgTl4(MoO4)2/mp_2228731_mp_2228615_cost_0.1133/1_normalized.vasp,MgTl4(MoO4)2,5,C2,15,1,0.9998030066490173,0.9999980926513672,True,True,True,0.9999005496501923
/home/ubuntu/ai_wh/wh-ai/new_data/database/Zn2SnWO6/mp_1047314_mp_1344130_cost_0.2103/1_normalized.vasp,Zn2SnWO6,1,P1,20,1,0.9998041987419128,0.9999955892562866,True,True,True,0.9998998939990997
/home/ubuntu/ai_wh/wh-ai/new_data/database/KMg6C/mp_1021350_mp_1021450_cost_0.3166/1_normalized.vasp,KMg6C,38,Amm2,16,1,0.999825656414032,0.9999632835388184,True,True,True,0.9998944699764252
/home/ubuntu/ai_wh/wh-ai/new_data/database/MoO4/mp_1180203_mp_1221467_cost_0.3842/1_normalized.vasp,MoO4,2,P-1,10,1,0.9999122619628906,0.9998681545257568,True,True,True,0.9998902082443237
/home/ubuntu/ai_wh/wh-ai/new_data/database/Sr2Mg(H4O3)2/mp_1233630_mp_1234932_cost_0.4966/1_normalized.vasp,Sr2Mg(H4O3)2,1,P1,17,1,0.999823272228241,0.9999560117721558,True,True,True,0.9998896420001984
/home/ubuntu/ai_wh/wh-ai/new_data/database/Li(SiO2)6/mp_1235061_mp_1235283_cost_0.4595/1_normalized.vasp,Li(SiO2)6,2,P-1,19,1,0.9997839331626892,0.99998939037323,True,True,True,0.9998866617679596
/home/ubuntu/ai_wh/wh-ai/new_data/database/BaMgCuS2/mp_2225560_mp_2210648_cost_0.4188/1_normalized.vasp,BaMgCuS2,6,Pm,5,1,0.9999861717224121,0.999776303768158,True,True,True,0.999881237745285
/home/ubuntu/ai_wh/wh-ai/new_data/database/NaI/mp_1246268_mp_723629_cost_0.0809/1_normalized.vasp,NaI,51,Pmma,4,1,0.9999582767486572,0.9997978806495667,True,True,True,0.9998780786991119
/home/ubuntu/ai_wh/wh-ai/new_data/database/MgTlV4O10/mp_2232825_mp_2241517_cost_0.4023/1_normalized.vasp,MgTlV4O10,2,P-1,16,1,0.9998238682746887,0.9999291896820068,True,True,True,0.9998765289783478
/home/ubuntu/ai_wh/wh-ai/new_data/database/CeZr3O8/mp_1226490_mp_1226592_cost_0.3057/1_normalized.vasp,CeZr3O8,38,Amm2,12,1,0.9998005032539368,0.9999420642852783,True,True,True,0.9998712837696075
/home/ubuntu/ai_wh/wh-ai/new_data/database/InHO2/mp_504535_mp_1105641_cost_0.1418/1_normalized.vasp,InHO2,31,Pmn2_1,16,1,0.999971866607666,0.9997689127922058,True,True,True,0.9998703896999359
/home/ubuntu/ai_wh/wh-ai/new_data/database/KLiMg6O7/mp_1031307_mp_1031367_cost_0.2455/1_normalized.vasp,KLiMg6O7,99,P4mm,15,1,0.9997372031211853,0.9999974966049194,True,True,True,0.9998673498630524
/home/ubuntu/ai_wh/wh-ai/new_data/database/MgCd5/mp_1094830_mp_1094742_cost_0.2783/1_normalized.vasp,MgCd5,8,Cm,6,1,0.9997394680976868,0.9999932050704956,True,True,True,0.9998663365840912
/home/ubuntu/ai_wh/wh-ai/new_data/database/SrLaGaCuO5/mp_1173173_mp_1218226_cost_0.3216/1_normalized.vasp,SrLaGaCuO5,9,Cc,18,1,0.9999886751174927,0.999742329120636,True,True,True,0.9998655021190643
/home/ubuntu/ai_wh/wh-ai/new_data/database/KPO4/mp_725218_mp_1095608_cost_0.3575/1_normalized.vasp,KPO4,122,I-42d,12,1,0.999761164188385,0.9999686479568481,True,True,True,0.9998649060726166
/home/ubuntu/ai_wh/wh-ai/new_data/database/SrWN3/mp_989625_mp_989513_cost_0.2737/1_normalized.vasp,SrWN3,1,P1,10,1,0.9997350573539734,0.999980092048645,True,True,True,0.9998575747013092
/home/ubuntu/ai_wh/wh-ai/new_data/database/Na4FeO5/mp_1279763_mp_759025_cost_0.2560/1_normalized.vasp,Na4FeO5,1,P1,20,1,0.9999867677688599,0.9997221827507019,True,True,True,0.9998544752597809
/home/ubuntu/ai_wh/wh-ai/new_data/database/WSCl4/mp_756473_mp_27475_cost_0.4113/1_normalized.vasp,WSCl4,2,P-1,12,1,0.9997361302375793,0.9999686479568481,True,True,True,0.9998523890972137
/home/ubuntu/ai_wh/wh-ai/new_data/database/NaYF4/mp_1220768_mp_34806_cost_0.2184/1_normalized.vasp,NaYF4,1,P1,18,1,0.9999853372573853,0.9997188448905945,True,True,True,0.9998520910739899
/home/ubuntu/ai_wh/wh-ai/new_data/database/Na4CoO4/mp_27224_mp_2740013_cost_0.0137/1_normalized.vasp,Na4CoO4,2,P-1,18,1,0.9999266862869263,0.9997621178627014,True,True,True,0.9998444020748138
/home/ubuntu/ai_wh/wh-ai/new_data/database/Cs2Se/mp_1080271_mp_569272_cost_0.0439/1_normalized.vasp,Cs2Se,36,Cmc2_1,6,1,0.9996744394302368,0.9999958276748657,True,True,True,0.9998351335525513
/home/ubuntu/ai_wh/wh-ai/new_data/database/Li3IrF6/mp_1212372_mp_1111071_cost_0.3835/1_normalized.vasp,Li3IrF6,2,P-1,10,1,0.9999934434890747,0.9996696710586548,True,True,True,0.9998315572738647
/home/ubuntu/ai_wh/wh-ai/new_data/database/KLiSO4/mp_6179_mp_6318_cost_0.0859/1_normalized.vasp,KLiSO4,173,P6_3,14,1,0.9999862909317017,0.9996633529663086,True,True,True,0.9998248219490051
/home/ubuntu/ai_wh/wh-ai/new_data/database/CaV2Zn2(SiO5)2/mp_1234637_mp_1233321_cost_0.1196/1_normalized.vasp,CaV2Zn2(SiO5)2,1,P1,17,1,0.9996452331542969,0.9999963045120239,True,True,True,0.9998207688331604
/home/ubuntu/ai_wh/wh-ai/new_data/database/Na4TeO5/mp_666670_mp_15391_cost_0.3993/1_normalized.vasp,Na4TeO5,2,P-1,20,1,0.9999933242797852,0.9996179342269897,True,True,True,0.9998056292533875
/home/ubuntu/ai_wh/wh-ai/new_data/database/K3NaMg(RuO4)2/mp_2232662_mp_2226902_cost_0.3260/1_normalized.vasp,K3NaMg(RuO4)2,5,C2,15,1,0.99958735704422,0.9999964237213135,True,True,True,0.9997918903827667
/home/ubuntu/ai_wh/wh-ai/new_data/database/KNaNb2O6/mp_1223345_mp_1223364_cost_0.4559/1_normalized.vasp,KNaNb2O6,8,Cm,10,1,0.9995406866073608,0.9999911785125732,True,True,True,0.999765932559967
/home/ubuntu/ai_wh/wh-ai/new_data/database/K2Fe2SeS3/mp_1223698_mp_1407746_cost_0.4252/1_normalized.vasp,K2Fe2SeS3,1,P1,8,1,0.999995231628418,0.9995338916778564,True,True,True,0.9997645616531372
/home/ubuntu/ai_wh/wh-ai/new_data/database/NbBr5/mp_662752_mp_568245_cost_0.0606/1_normalized.vasp,NbBr5,2,P-1,12,1,0.9995059967041016,0.9999936819076538,True,True,True,0.9997498393058777
/home/ubuntu/ai_wh/wh-ai/new_data/database/CuBrO2/mp_997023_mp_997011_cost_0.1197/1_normalized.vasp,CuBrO2,1,P1,8,1,0.9999874830245972,0.9994725584983826,True,True,True,0.9997300207614899
/home/ubuntu/ai_wh/wh-ai/new_data/database/Na2Cl/mp_1077288_mp_1077015_cost_0.3527/1_normalized.vasp,Na2Cl,74,Imma,6,1,0.9996362924575806,0.9998156428337097,True,True,True,0.9997259676456451
/home/ubuntu/ai_wh/wh-ai/new_data/database/MgVPbO3/mp_2224774_mp_2240536_cost_0.2879/1_normalized.vasp,MgVPbO3,25,Pmm2,6,1,0.9994520545005798,0.9999982118606567,True,True,True,0.9997251331806183
/home/ubuntu/ai_wh/wh-ai/new_data/database/CsClO3/mp_760386_mp_754202_cost_0.0394/1_normalized.vasp,CsClO3,160,R3m,10,1,0.9996337890625,0.9997918009757996,True,True,True,0.9997127950191498
/home/ubuntu/ai_wh/wh-ai/new_data/database/Na3MgVO4/mp_2217178_mp_2217388_cost_0.2292/1_normalized.vasp,Na3MgVO4,42,Fmm2,9,1,0.9994148015975952,0.9999916553497314,True,True,True,0.9997032284736633
/home/ubuntu/ai_wh/wh-ai/new_data/database/MgV3SnO8/mp_2218428_mp_2218593_cost_0.4305/1_normalized.vasp,MgV3SnO8,8,Cm,13,1,0.999426007270813,0.9999604225158691,True,True,True,0.9996932148933411
/home/ubuntu/ai_wh/wh-ai/new_data/database/KClO3/mp_550506_mp_23022_cost_0.1630/1_normalized.vasp,KClO3,160,R3m,10,1,0.9999178647994995,0.9994485974311829,True,True,True,0.9996832311153412
/home/ubuntu/ai_wh/wh-ai/new_data/database/NaHO/mp_626000_mp_626506_cost_0.1072/1_normalized.vasp,NaHO,4,P2_1,6,1,0.9999926090240479,0.999336302280426,True,True,True,0.9996644556522369
/home/ubuntu/ai_wh/wh-ai/new_data/database/CaSn2O5/mp_1392223_mp_2654140_cost_0.3465/1_normalized.vasp,CaSn2O5,59,Pmmn,16,1,0.9993306398391724,0.9999945163726807,True,True,True,0.9996625781059265
/home/ubuntu/ai_wh/wh-ai/new_data/database/MgV2Bi2(PbO5)2/mp_2215947_mp_2220546_cost_0.4468/1_normalized.vasp,MgV2Bi2(PbO5)2,5,C2,17,1,0.9993652701377869,0.9999366998672485,True,True,True,0.9996509850025177
/home/ubuntu/ai_wh/wh-ai/new_data/database/PCl3O/mp_27277_mp_2766955_cost_0.2184/1_normalized.vasp,PCl3O,33,Pna2_1,20,1,0.9992440938949585,0.9999924898147583,True,True,True,0.9996182918548584
/home/ubuntu/ai_wh/wh-ai/new_data/database/Ba3MgTi2O7/mp_2218802_mp_2218647_cost_0.2424/1_normalized.vasp,Ba3MgTi2O7,8,Cm,13,1,0.9999939203262329,0.999174177646637,True,True,True,0.9995840489864349
/home/ubuntu/ai_wh/wh-ai/new_data/database/KMg6B/mp_1021467_mp_1021406_cost_0.4964/1_normalized.vasp,KMg6B,38,Amm2,16,1,0.9999444484710693,0.9991756081581116,True,True,True,0.9995600283145905
/home/ubuntu/ai_wh/wh-ai/new_data/database/K3MgSbS4/mp_2217404_mp_2224173_cost_0.3979/1_normalized.vasp,K3MgSbS4,160,R3m,9,1,0.9990935325622559,0.9999587535858154,True,True,True,0.9995261430740356
/home/ubuntu/ai_wh/wh-ai/new_data/database/Te3WO12/mp_773515_mp_756661_cost_0.3575/1_normalized.vasp,Te3WO12,2,P-1,16,1,0.9990492463111877,0.9999969005584717,True,True,True,0.9995230734348297
/home/ubuntu/ai_wh/wh-ai/new_data/database/Pt(NCl)2/mp_1411223_mp_1179836_cost_0.3891/1_normalized.vasp,Pt(NCl)2,2,P-1,10,1,0.9989701509475708,0.9999816417694092,True,True,True,0.99947589635849
/home/ubuntu/ai_wh/wh-ai/new_data/database/BiP2O7/mp_26658_mp_1370240_cost_0.4281/1_normalized.vasp,BiP2O7,2,P-1,20,1,0.9998869895935059,0.9990403056144714,True,True,True,0.9994636476039886
/home/ubuntu/ai_wh/wh-ai/new_data/database/MgCu4(AsS)4/mp_2219734_mp_2219022_cost_0.2634/1_normalized.vasp,MgCu4(AsS)4,6,Pm,13,1,0.999991774559021,0.9988964796066284,True,True,True,0.9994441270828247
/home/ubuntu/ai_wh/wh-ai/new_data/database/K3ReC4(N2O)2/mp_1180896_mp_1105275_cost_0.0451/1_normalized.vasp,K3ReC4(N2O)2,2,P-1,14,1,0.9986550807952881,0.9999980926513672,True,True,True,0.9993265867233276
/home/ubuntu/ai_wh/wh-ai/new_data/database/LiSb(TeO4)3/mp_761825_mp_774910_cost_0.3955/1_normalized.vasp,LiSb(TeO4)3,3,P2,17,1,0.9986236095428467,0.9999974966049194,True,True,True,0.9993105530738831
/home/ubuntu/ai_wh/wh-ai/new_data/database/Cu9Se8/mp_673255_mp_936248_cost_0.2334/1_normalized.vasp,Cu9Se8,1,P1,17,1,0.9985765218734741,0.999997615814209,True,True,True,0.9992870688438416
/home/ubuntu/ai_wh/wh-ai/new_data/database/LiMgSO4F/mp_1222350_mp_677510_cost_0.0733/1_normalized.vasp,LiMgSO4F,1,P1,16,1,0.9985622763633728,0.9999982118606567,True,True,True,0.9992802441120148
/home/ubuntu/ai_wh/wh-ai/new_data/database/OsN/mp_999317_mp_1078828_cost_0.2704/1_normalized.vasp,OsN,31,Pmn2_1,8,1,0.9999829530715942,0.9985446929931641,True,True,True,0.9992638230323792
/home/ubuntu/ai_wh/wh-ai/new_data/database/NaHo2F7/mp_676779_mp_1173720_cost_0.0599/1_normalized.vasp,NaHo2F7,1,P1,10,1,0.9999805688858032,0.9985299110412598,True,True,True,0.9992552399635315
/home/ubuntu/ai_wh/wh-ai/new_data/database/CaWO3/mp_1431390_mp_1342410_cost_0.0696/1_normalized.vasp,CaWO3,8,Cm,20,1,0.99847012758255,0.999996542930603,True,True,True,0.9992333352565765
/home/ubuntu/ai_wh/wh-ai/new_data/database/NbI5/mp_661308_mp_569578_cost_0.0606/1_normalized.vasp,NbI5,2,P-1,12,1,0.9987952709197998,0.9996398687362671,True,True,True,0.9992175698280334
/home/ubuntu/ai_wh/wh-ai/new_data/database/Mg2SbWO6/mp_1445762_mp_1344776_cost_0.4390/1_normalized.vasp,Mg2SbWO6,1,P1,20,1,0.998391330242157,0.9999985694885254,True,True,True,0.9991949498653412
/home/ubuntu/ai_wh/wh-ai/new_data/database/Ba3MgWO6/mp_2217786_mp_2217332_cost_0.3526/1_normalized.vasp,Ba3MgWO6,160,R3m,11,1,0.9984675049781799,0.9998669624328613,True,True,True,0.9991672337055206
/home/ubuntu/ai_wh/wh-ai/new_data/database/Mg3Si4/mp_1075060_mp_1075277_cost_0.3157/1_normalized.vasp,Mg3Si4,8,Cm,14,1,0.9982588887214661,0.9999980926513672,True,True,True,0.9991284906864166
/home/ubuntu/ai_wh/wh-ai/new_data/database/SnPbS2/mp_1079196_mp_1218951_cost_0.4156/1_normalized.vasp,SnPbS2,26,Pmc2_1,8,1,0.9999890327453613,0.9982621073722839,True,True,True,0.9991255700588226
/home/ubuntu/ai_wh/wh-ai/new_data/database/CaAl2SiO6/mp_1019586_mp_1019587_cost_0.3177/1_normalized.vasp,CaAl2SiO6,5,C2,20,1,0.9999899864196777,0.9982269406318665,True,True,True,0.9991084635257721
/home/ubuntu/ai_wh/wh-ai/new_data/database/UP2C2(NO4)2/mp_1216960_mp_1383162_cost_0.2094/1_normalized.vasp,UP2C2(NO4)2,2,P-1,15,1,0.9982784986495972,0.9998832941055298,True,True,True,0.9990808963775635
/home/ubuntu/ai_wh/wh-ai/new_data/database/CaTiO2/mp_1046918_mp_1385378_cost_0.1707/1_normalized.vasp,CaTiO2,2,P-1,16,1,0.998145341873169,0.9999966621398926,True,True,True,0.9990710020065308
/home/ubuntu/ai_wh/wh-ai/new_data/database/Na4Mg(CuO2)2/mp_2217358_mp_2217328_cost_0.3678/1_normalized.vasp,Na4Mg(CuO2)2,6,Pm,11,1,0.9981397390365601,0.9999868869781494,True,True,True,0.9990633130073547
/home/ubuntu/ai_wh/wh-ai/new_data/database/Li3V4O11F/mp_752758_mp_765601_cost_0.3019/1_normalized.vasp,Li3V4O11F,1,P1,19,1,0.9999663829803467,0.9980681538581848,True,True,True,0.9990172684192657
/home/ubuntu/ai_wh/wh-ai/new_data/database/MgTe4Mo(WS)2/mp_2223643_mp_2224162_cost_0.1794/1_normalized.vasp,MgTe4Mo(WS)2,8,Cm,10,1,0.9999773502349854,0.9979830980300903,True,True,True,0.9989802241325378
/home/ubuntu/ai_wh/wh-ai/new_data/database/ZnSnO2/mp_1046940_mp_1045943_cost_0.3832/1_normalized.vasp,ZnSnO2,1,P1,16,1,0.9979064464569092,0.9999972581863403,True,True,True,0.9989518523216248
/home/ubuntu/ai_wh/wh-ai/new_data/database/SiGeN2O/mp_972831_mp_1020703_cost_0.3181/1_normalized.vasp,SiGeN2O,4,P2_1,10,1,0.9976529479026794,0.9999982118606567,True,True,True,0.9988255798816681
/home/ubuntu/ai_wh/wh-ai/new_data/database/RbAs4(HO4)3/mp_1378888_mp_1219627_cost_0.0911/1_normalized.vasp,RbAs4(HO4)3,1,P1,20,1,0.9976518750190735,0.9999213218688965,True,True,True,0.998786598443985
/home/ubuntu/ai_wh/wh-ai/new_data/database/RbLiCu2H3(SO5)2/mp_1235688_mp_1236071_cost_0.2633/1_normalized.vasp,RbLiCu2H3(SO5)2,8,Cm,19,1,0.9975334405899048,0.9999978542327881,True,True,True,0.9987656474113464
/home/ubuntu/ai_wh/wh-ai/new_data/database/Na8Mg(CoO4)2/mp_2231472_mp_2231061_cost_0.4985/1_normalized.vasp,Na8Mg(CoO4)2,1,P1,19,1,0.9999942779541016,0.9974849224090576,True,True,True,0.9987396001815796
/home/ubuntu/ai_wh/wh-ai/new_data/database/ZnCu2SnSe3S/mp_1215622_mp_1215670_cost_0.4658/1_normalized.vasp,ZnCu2SnSe3S,8,Cm,8,1,0.9999912977218628,0.9969160556793213,True,True,True,0.998453676700592
/home/ubuntu/ai_wh/wh-ai/new_data/database/Pb2O3/mp_754071_mp_690722_cost_0.2650/1_normalized.vasp,Pb2O3,31,Pmn2_1,20,1,0.9969419836997986,0.9999587535858154,True,True,True,0.998450368642807
/home/ubuntu/ai_wh/wh-ai/new_data/database/RbInBr3/mp_998194_mp_998800_cost_0.0197/1_normalized.vasp,RbInBr3,160,R3m,10,1,0.9968546032905579,0.999995231628418,True,True,True,0.9984249174594879
/home/ubuntu/ai_wh/wh-ai/new_data/database/TlBrO3/mp_29798_mp_2902256_cost_0.2162/1_normalized.vasp,TlBrO3,160,R3m,5,1,0.9968409538269043,0.9999871253967285,True,True,True,0.9984140396118164
/home/ubuntu/ai_wh/wh-ai/new_data/database/LiMg6BO7/mp_1031178_mp_1031185_cost_0.1543/1_normalized.vasp,LiMg6BO7,99,P4mm,15,1,0.9966920614242554,0.9999951124191284,True,True,True,0.9983435869216919
/home/ubuntu/ai_wh/wh-ai/new_data/database/LiSnPHO5/mp_852069_mp_1337078_cost_0.0940/1_normalized.vasp,LiSnPHO5,2,P-1,18,1,0.9966011047363281,0.9999972581863403,True,True,True,0.9982991814613342
/home/ubuntu/ai_wh/wh-ai/new_data/database/VINCl3/mp_570829_mp_670116_cost_0.4412/1_normalized.vasp,VINCl3,2,P-1,12,1,0.9999035596847534,0.9962583780288696,True,True,True,0.9980809688568115
/home/ubuntu/ai_wh/wh-ai/new_data/database/Ba3LiTi3O8/mp_1235029_mp_1235944_cost_0.1315/1_normalized.vasp,Ba3LiTi3O8,8,Cm,15,1,0.9962838292121887,0.9998723268508911,True,True,True,0.9980780780315399
/home/ubuntu/ai_wh/wh-ai/new_data/database/MgSb2P2(HO5)2/mp_2229573_mp_2228948_cost_0.1253/1_normalized.vasp,MgSb2P2(HO5)2,2,P-1,17,1,0.9959912896156311,0.9999903440475464,True,True,True,0.9979908168315887
/home/ubuntu/ai_wh/wh-ai/new_data/database/TlIO3/mp_22981_mp_546200_cost_0.0164/1_normalized.vasp,TlIO3,160,R3m,5,1,0.9961602687835693,0.9997088313102722,True,True,True,0.9979345500469208
/home/ubuntu/ai_wh/wh-ai/new_data/database/ZnS2(NO2)4/mp_1178614_mp_726727_cost_0.3038/1_normalized.vasp,ZnS2(NO2)4,2,P-1,15,1,0.9958692193031311,0.9999978542327881,True,True,True,0.9979335367679596
/home/ubuntu/ai_wh/wh-ai/new_data/database/Mg(Sb2O5)2/mp_2232350_mp_2232126_cost_0.4274/1_normalized.vasp,Mg(Sb2O5)2,2,P-1,15,1,0.9986096620559692,0.9972342848777771,True,True,True,0.9979219734668732
/home/ubuntu/ai_wh/wh-ai/new_data/database/MgV(SbO3)4/mp_2232802_mp_2233299_cost_0.0348/1_normalized.vasp,MgV(SbO3)4,1,P1,18,1,0.9956815242767334,0.9999977350234985,True,True,True,0.997839629650116
/home/ubuntu/ai_wh/wh-ai/new_data/database/NaNdF4/mp_1220999_mp_34284_cost_0.2304/1_normalized.vasp,NaNdF4,1,P1,18,1,0.9999915361404419,0.9956627488136292,True,True,True,0.9978271424770355
/home/ubuntu/ai_wh/wh-ai/new_data/database/V4ZnO8/mp_1048588_mp_1408935_cost_0.0386/1_normalized.vasp,V4ZnO8,8,Cm,13,1,0.9956488013267517,0.999994158744812,True,True,True,0.9978214800357819
/home/ubuntu/ai_wh/wh-ai/new_data/database/HfZrO4/mp_754134_mp_754964_cost_0.3224/1_normalized.vasp,HfZrO4,14,P2_1/c,12,1,0.9955458641052246,0.999996542930603,True,True,True,0.9977712035179138
/home/ubuntu/ai_wh/wh-ai/new_data/database/ZnBi2O5/mp_1376731_mp_1042979_cost_0.3887/1_normalized.vasp,ZnBi2O5,1,P1,16,1,0.9999549388885498,0.995201826095581,True,True,True,0.9975783824920654
/home/ubuntu/ai_wh/wh-ai/new_data/database/Tb2MgMo2(ClO4)2/mp_2232185_mp_2232107_cost_0.3567/1_normalized.vasp,Tb2MgMo2(ClO4)2,5,C2,15,1,0.9998430013656616,0.9952927827835083,True,True,True,0.997567892074585
/home/ubuntu/ai_wh/wh-ai/new_data/database/Ba2In2O5/mp_1228487_mp_20546_cost_0.0352/1_normalized.vasp,Ba2In2O5,25,Pmm2,18,1,0.9999885559082031,0.9950323104858398,True,True,True,0.9975104331970215
/home/ubuntu/ai_wh/wh-ai/new_data/database/Mg3Si2/mp_1075793_mp_1075790_cost_0.0765/1_normalized.vasp,Mg3Si2,2,P-1,20,1,0.9949380159378052,0.9999983310699463,True,True,True,0.9974681735038757
/home/ubuntu/ai_wh/wh-ai/new_data/database/Na6MgV2(SO3)2/mp_2241547_mp_2240862_cost_0.4129/1_normalized.vasp,Na6MgV2(SO3)2,146,R3,17,1,0.9990960359573364,0.9949748516082764,True,True,True,0.9970354437828064
/home/ubuntu/ai_wh/wh-ai/new_data/database/MgW2(SCl4)2/mp_2218459_mp_2218742_cost_0.4443/1_normalized.vasp,MgW2(SCl4)2,1,P1,13,1,0.9999643564224243,0.9938886165618896,True,True,True,0.996926486492157
/home/ubuntu/ai_wh/wh-ai/new_data/database/HfMg6BO7/mp_1033223_mp_1033290_cost_0.1683/1_normalized.vasp,HfMg6BO7,99,P4mm,15,1,0.9935387969017029,0.9999955892562866,True,True,True,0.9967671930789948
/home/ubuntu/ai_wh/wh-ai/new_data/database/Ba3WO6/mp_1228775_mp_697853_cost_0.1902/1_normalized.vasp,Ba3WO6,1,P1,20,1,0.9999932050704956,0.9933803081512451,True,True,True,0.9966867566108704
/home/ubuntu/ai_wh/wh-ai/new_data/database/Na3MgMo(OF)3/mp_2240753_mp_2240200_cost_0.3356/1_normalized.vasp,Na3MgMo(OF)3,146,R3,11,1,0.9999058246612549,0.9934484362602234,True,True,True,0.9966771304607391
/home/ubuntu/ai_wh/wh-ai/new_data/database/LiHfMg6O7/mp_1031107_mp_1031103_cost_0.1527/1_normalized.vasp,LiHfMg6O7,99,P4mm,15,1,0.993055522441864,0.9999954700469971,True,True,True,0.9965254962444305
/home/ubuntu/ai_wh/wh-ai/new_data/database/Cs7LiAu5O2/mp_1236405_mp_1235810_cost_0.4710/1_normalized.vasp,Cs7LiAu5O2,8,Cm,15,1,0.9919205904006958,0.9999960660934448,True,True,True,0.9959583282470703
/home/ubuntu/ai_wh/wh-ai/new_data/database/Cr(GeO3)2/mp_2237154_mp_1341686_cost_0.0201/1_normalized.vasp,Cr(GeO3)2,2,P-1,18,1,0.9999943971633911,0.9906309247016907,True,True,True,0.9953126609325409
/home/ubuntu/ai_wh/wh-ai/new_data/database/Hf2N2O/mp_756096_mp_761019_cost_0.3791/1_normalized.vasp,Hf2N2O,5,C2,20,1,0.990304172039032,0.9999984502792358,True,True,True,0.9951513111591339
/home/ubuntu/ai_wh/wh-ai/new_data/database/Na8MgMo2(NO)4/mp_2231347_mp_2230262_cost_0.1697/1_normalized.vasp,Na8MgMo2(NO)4,1,P1,19,1,0.9901184439659119,0.9999935626983643,True,True,True,0.9950560033321381
/home/ubuntu/ai_wh/wh-ai/new_data/database/VCl5/mp_1420266_mp_1101909_cost_0.1952/1_normalized.vasp,VCl5,2,P-1,12,1,0.990040123462677,0.9999916553497314,True,True,True,0.9950158894062042
/home/ubuntu/ai_wh/wh-ai/new_data/database/Na5LiN2/mp_1079063_mp_1180222_cost_0.2874/1_normalized.vasp,Na5LiN2,10,P2/m,8,1,0.9894983768463135,0.9999920129776001,True,True,True,0.9947451949119568
/home/ubuntu/ai_wh/wh-ai/new_data/database/NaMgCu2O3/mp_2210740_mp_2210685_cost_0.3884/1_normalized.vasp,NaMgCu2O3,6,Pm,7,1,0.9892290830612183,0.9999884366989136,True,True,True,0.9946087598800659
/home/ubuntu/ai_wh/wh-ai/new_data/database/Ca3Mg(CO3)4/mp_3346446_mp_3346405_cost_0.2983/1_normalized.vasp,Ca3Mg(CO3)4,2,P-1,20,1,0.9891285300254822,0.9999980926513672,True,True,True,0.9945633113384247
/home/ubuntu/ai_wh/wh-ai/new_data/database/Zn2AgWO6/mp_1042188_mp_1378705_cost_0.1074/1_normalized.vasp,Zn2AgWO6,1,P1,20,1,0.990172266960144,0.9989426732063293,True,True,True,0.9945574700832367
/home/ubuntu/ai_wh/wh-ai/new_data/database/VBiPbO5/mp_23637_mp_560699_cost_0.0180/1_normalized.vasp,VBiPbO5,12,C2/m,16,1,0.999944806098938,0.9887115955352783,True,True,True,0.9943282008171082
/home/ubuntu/ai_wh/wh-ai/new_data/database/RbMg14B/mp_1026664_mp_1026624_cost_0.4406/1_normalized.vasp,RbMg14B,38,Amm2,16,1,0.9999923706054688,0.9884916543960571,True,True,True,0.9942420125007629
/home/ubuntu/ai_wh/wh-ai/new_data/database/Ag2Te/mp_684798_mp_1247858_cost_0.3765/1_normalized.vasp,Ag2Te,7,Pc,12,1,0.9882346391677856,0.9999167919158936,True,True,True,0.9940757155418396
/home/ubuntu/ai_wh/wh-ai/new_data/database/RbBiF3/mp_677028_mp_1173046_cost_0.2204/1_normalized.vasp,RbBiF3,2,P-1,10,1,0.9999951124191284,0.9879030585289001,True,True,True,0.9939490854740143
/home/ubuntu/ai_wh/wh-ai/new_data/database/Na8Mg(FeO4)2/mp_2230529_mp_2231815_cost_0.4037/1_normalized.vasp,Na8Mg(FeO4)2,1,P1,19,1,0.9999879598617554,0.9877883791923523,True,True,True,0.9938881695270538
/home/ubuntu/ai_wh/wh-ai/new_data/database/Ag2S/mp_31053_mp_1095694_cost_0.1650/1_normalized.vasp,Ag2S,4,P2_1,12,1,0.9998375177383423,0.9871030449867249,True,True,True,0.9934702813625336
/home/ubuntu/ai_wh/wh-ai/new_data/database/Ba2LiTbSnO6/mp_1235084_mp_1235139_cost_0.4656/1_normalized.vasp,Ba2LiTbSnO6,160,R3m,11,1,0.9869359135627747,0.9999667406082153,True,True,True,0.993451327085495
/home/ubuntu/ai_wh/wh-ai/new_data/database/ScF3/mp_634805_mp_1094067_cost_0.3316/1_normalized.vasp,ScF3,5,C2,16,1,0.9862539768218994,0.999992847442627,True,True,True,0.9931234121322632
/home/ubuntu/ai_wh/wh-ai/new_data/database/CsEr6CI12/mp_987508_mp_23118_cost_0.0298/1_normalized.vasp,CsEr6CI12,2,P-1,20,1,0.9860351085662842,0.9999923706054688,True,True,True,0.9930137395858765
/home/ubuntu/ai_wh/wh-ai/new_data/database/Tc2Pt(NO2)4/mp_1179029_mp_1237055_cost_0.0481/1_normalized.vasp,Tc2Pt(NO2)4,2,P-1,15,1,0.9863356351852417,0.9996434450149536,True,True,True,0.9929895401000977
/home/ubuntu/ai_wh/wh-ai/new_data/database/NaCaN/mp_1245645_mp_1247165_cost_0.4887/1_normalized.vasp,NaCaN,186,P6_3mc,12,1,0.9999746084213257,0.9856430888175964,True,True,True,0.9928088486194611
/home/ubuntu/ai_wh/wh-ai/new_data/database/LiZn4(SnO2)4/mp_1236032_mp_1236309_cost_0.4649/1_normalized.vasp,LiZn4(SnO2)4,1,P1,17,1,0.9854822158813477,0.9999964237213135,True,True,True,0.9927393198013306
/home/ubuntu/ai_wh/wh-ai/new_data/database/NaNbO3/mp_1190015_mp_1189194_cost_0.0136/1_normalized.vasp,NaNbO3,31,Pmn2_1,20,1,0.999992847442627,0.9851700663566589,True,True,True,0.9925814568996429
/home/ubuntu/ai_wh/wh-ai/new_data/database/PWO5/mp_766045_mp_2767409_cost_0.0301/1_normalized.vasp,PWO5,2,P-1,14,1,0.9832125306129456,0.999943733215332,True,True,True,0.9915781319141388
/home/ubuntu/ai_wh/wh-ai/new_data/database/SrBi5O9/mp_753357_mp_753517_cost_0.1773/1_normalized.vasp,SrBi5O9,1,P1,15,1,0.9997316002845764,0.9826870560646057,True,True,True,0.9912093281745911
/home/ubuntu/ai_wh/wh-ai/new_data/database/SbF5/mp_1831269_mp_1046542_cost_0.2500/1_normalized.vasp,SbF5,2,P-1,12,1,0.9999905824661255,0.9789834022521973,True,True,True,0.9894869923591614
/home/ubuntu/ai_wh/wh-ai/new_data/database/Na8MgMn2O8/mp_2231040_mp_2230893_cost_0.4007/1_normalized.vasp,Na8MgMn2O8,1,P1,19,1,0.9999938011169434,0.9782124161720276,True,True,True,0.9891031086444855
/home/ubuntu/ai_wh/wh-ai/new_data/database/Na4Mg(NiO3)2/mp_2224805_mp_2218772_cost_0.4163/1_normalized.vasp,Na4Mg(NiO3)2,1,P1,13,1,0.9999918937683105,0.9769764542579651,True,True,True,0.9884841740131378
/home/ubuntu/ai_wh/wh-ai/new_data/database/NaMg6BO7/mp_1030690_mp_1030699_cost_0.1723/1_normalized.vasp,NaMg6BO7,99,P4mm,15,1,0.9754600524902344,0.9999927282333374,True,True,True,0.9877263903617859
/home/ubuntu/ai_wh/wh-ai/new_data/database/Na7MgSbO6/mp_2227616_mp_2242232_cost_0.2569/1_normalized.vasp,Na7MgSbO6,146,R3,15,1,0.9995194673538208,0.9758996367454529,True,True,True,0.9877095520496368
/home/ubuntu/ai_wh/wh-ai/new_data/database/Na4Mg(BiO3)2/mp_2218486_mp_2218660_cost_0.2468/1_normalized.vasp,Na4Mg(BiO3)2,8,Cm,13,1,0.9782694578170776,0.9966064691543579,True,True,True,0.9874379634857178
/home/ubuntu/ai_wh/wh-ai/new_data/database/MgSb2(O2F)2/mp_2223325_mp_2223070_cost_0.1950/1_normalized.vasp,MgSb2(O2F)2,1,P1,9,1,0.9999890327453613,0.9743275046348572,True,True,True,0.9871582686901093
/home/ubuntu/ai_wh/wh-ai/new_data/database/Mg3Si2O9/mp_725197_mp_1103891_cost_0.3581/1_normalized.vasp,Mg3Si2O9,8,Cm,14,1,0.9725110530853271,0.999991774559021,True,True,True,0.9862514138221741
/home/ubuntu/ai_wh/wh-ai/new_data/database/U2Si3Ru/mp_1216609_mp_1216891_cost_0.1823/1_normalized.vasp,U2Si3Ru,25,Pmm2,12,1,0.9998599290847778,0.971318781375885,True,True,True,0.9855893552303314
/home/ubuntu/ai_wh/wh-ai/new_data/database/MgZn2(WO4)2/mp_2218543_mp_2218604_cost_0.2868/1_normalized.vasp,MgZn2(WO4)2,5,C2,13,1,0.9694878458976746,0.9999943971633911,True,True,True,0.9847411215305328
/home/ubuntu/ai_wh/wh-ai/new_data/database/VInO4/mp_22443_mp_1102003_cost_0.3541/1_normalized.vasp,VInO4,63,Cmcm,12,1,0.9859763383865356,0.9833347201347351,True,True,True,0.9846555292606354
/home/ubuntu/ai_wh/wh-ai/new_data/database/InPb/mp_1184798_mp_1223654_cost_0.0311/1_normalized.vasp,InPb,8,Cm,2,1,0.9687367081642151,0.9999903440475464,True,True,True,0.9843635261058807
/home/ubuntu/ai_wh/wh-ai/new_data/database/CuGeI3/mp_1096949_mp_2896844_cost_0.2137/1_normalized.vasp,CuGeI3,8,Cm,5,1,0.9674577116966248,0.9996227025985718,True,True,True,0.9835402071475983
/home/ubuntu/ai_wh/wh-ai/new_data/database/Er2(SeO4)3/mp_1225234_mp_1237904_cost_0.1747/1_normalized.vasp,Er2(SeO4)3,5,C2,17,1,0.9642012715339661,0.9999984502792358,True,True,True,0.982099860906601
/home/ubuntu/ai_wh/wh-ai/new_data/database/EuMgVO3/mp_2242227_mp_2224263_cost_0.1844/1_normalized.vasp,EuMgVO3,1,P1,6,1,0.9999827146530151,0.9638877511024475,True,True,True,0.9819352328777313
/home/ubuntu/ai_wh/wh-ai/new_data/database/TlNO2/mp_676400_mp_4453_cost_0.0819/1_normalized.vasp,TlNO2,1,P1,12,1,0.9631597399711609,0.9999983310699463,True,True,True,0.9815790355205536
/home/ubuntu/ai_wh/wh-ai/new_data/database/PbF2/mp_685150_mp_2511_cost_0.2847/1_normalized.vasp,PbF2,41,Aea2,12,1,0.9619923830032349,0.9999707937240601,True,True,True,0.9809815883636475
/home/ubuntu/ai_wh/wh-ai/new_data/database/CsMg14B/mp_1026611_mp_1026562_cost_0.4562/1_normalized.vasp,CsMg14B,38,Amm2,16,1,0.9999799728393555,0.9619123935699463,True,True,True,0.9809461832046509
/home/ubuntu/ai_wh/wh-ai/new_data/database/LuHO2/mp_753947_mp_625367_cost_0.2666/1_normalized.vasp,LuHO2,31,Pmn2_1,8,1,0.9605928063392639,0.9999892711639404,True,True,True,0.9802910387516022
/home/ubuntu/ai_wh/wh-ai/new_data/database/NaMgV2Bi3O10/mp_2229135_mp_2229079_cost_0.2006/1_normalized.vasp,NaMgV2Bi3O10,1,P1,17,1,0.9978629946708679,0.9620234966278076,True,True,True,0.9799432456493378
/home/ubuntu/ai_wh/wh-ai/new_data/database/LiTaO3/mp_1105326_mp_1105280_cost_0.1314/1_normalized.vasp,LiTaO3,62,Pnma,20,1,0.9599132537841797,0.999972939491272,True,True,True,0.9799430966377258
/home/ubuntu/ai_wh/wh-ai/new_data/database/MgTi2Tl2(PS5)2/mp_2229411_mp_2228924_cost_0.4891/1_normalized.vasp,MgTi2Tl2(PS5)2,1,P1,17,1,0.9560127854347229,0.9999979734420776,True,True,True,0.9780053794384003
/home/ubuntu/ai_wh/wh-ai/new_data/database/Al4C3/mp_743752_mp_632442_cost_0.2378/1_normalized.vasp,Al4C3,1,P1,7,1,0.9551581740379333,0.9999756813049316,True,True,True,0.9775669276714325
/home/ubuntu/ai_wh/wh-ai/new_data/database/Mg(CuS2)2/mp_2224818_mp_2227941_cost_0.1066/1_normalized.vasp,Mg(CuS2)2,6,Pm,7,1,0.9503316879272461,0.9999983310699463,True,True,True,0.9751650094985962
/home/ubuntu/ai_wh/wh-ai/new_data/database/MgTi4Bi2O11/mp_2228437_mp_2229201_cost_0.4716/1_normalized.vasp,MgTi4Bi2O11,12,C2/m,18,1,0.943755030632019,0.9992200136184692,True,True,True,0.9714875221252441
/home/ubuntu/ai_wh/wh-ai/new_data/database/Ag3AuS2/mp_34982_mp_34460_cost_0.1213/1_normalized.vasp,Ag3AuS2,1,P1,6,1,0.9956316947937012,0.9437347650527954,True,True,True,0.9696832299232483
/home/ubuntu/ai_wh/wh-ai/new_data/database/LiTb2(PO4)2/mp_1232986_mp_1235423_cost_0.0216/1_normalized.vasp,LiTb2(PO4)2,5,C2,13,1,0.9352059960365295,0.9999865293502808,True,True,True,0.9675962626934052
/home/ubuntu/ai_wh/wh-ai/new_data/database/KIO3/mp_2762888_mp_23487_cost_0.0359/1_normalized.vasp,KIO3,23,I222,20,1,0.9348679184913635,0.9999969005584717,True,True,True,0.9674324095249176
/home/ubuntu/ai_wh/wh-ai/new_data/database/MgTi2(Ga2O5)2/mp_2229128_mp_2229204_cost_0.3303/1_normalized.vasp,MgTi2(Ga2O5)2,1,P1,17,1,0.923460066318512,0.9999983310699463,True,True,True,0.9617291986942291
/home/ubuntu/ai_wh/wh-ai/new_data/database/Mg3SO9/mp_1211244_mp_1237332_cost_0.4026/1_normalized.vasp,Mg3SO9,1,P1,13,1,0.9212825298309326,0.9999983310699463,True,True,True,0.9606404304504395
/home/ubuntu/ai_wh/wh-ai/new_data/database/MgTi3CuO8/mp_2219707_mp_2227545_cost_0.3342/1_normalized.vasp,MgTi3CuO8,25,Pmm2,13,1,0.9112662076950073,0.999875545501709,True,True,True,0.9555708765983582
/home/ubuntu/ai_wh/wh-ai/new_data/database/K2CoH2(SO5)2/mp_1212258_mp_1238442_cost_0.2437/1_normalized.vasp,K2CoH2(SO5)2,2,P-1,17,1,0.9067339897155762,0.9999918937683105,True,True,True,0.9533629417419434
/home/ubuntu/ai_wh/wh-ai/new_data/database/SrTaNO2/mp_780671_mp_2583419_cost_0.3212/1_normalized.vasp,SrTaNO2,5,C2,20,1,0.8915640711784363,0.9999982118606567,True,True,True,0.9457811415195465
/home/ubuntu/ai_wh/wh-ai/new_data/database/KAu(IO3)4/mp_1105366_mp_557441_cost_0.0355/1_normalized.vasp,KAu(IO3)4,5,C2,18,1,0.8873175382614136,0.9999895095825195,True,True,True,0.9436535239219666
/home/ubuntu/ai_wh/wh-ai/new_data/database/LiNdTi2O6/mp_1105323_mp_756581_cost_0.0604/1_normalized.vasp,LiNdTi2O6,6,Pm,20,1,0.879112720489502,0.9999896287918091,True,True,True,0.9395511746406555
/home/ubuntu/ai_wh/wh-ai/new_data/database/CsMgMnP3HO10/mp_2229931_mp_2229343_cost_0.2247/1_normalized.vasp,CsMgMnP3HO10,1,P1,17,1,0.8765036463737488,0.9999157190322876,True,True,True,0.9382096827030182
/home/ubuntu/ai_wh/wh-ai/new_data/database/TeC4Se4(N4Cl)2/mp_1106362_mp_1179167_cost_0.2951/1_normalized.vasp,TeC4Se4(N4Cl)2,2,P-1,19,1,0.8740240335464478,0.9999634027481079,True,True,True,0.9369937181472778
